Molecola;SMILES;OSSIDAZIONE ACQUA DI BROMO
ACETILCISTEINA;CC(=O)N[C@@H](CS)C(=O)O;
ACIDO ACETILSALICILICO;CC(=O)OC1=CC=CC=C1C(=O)O;
ACIDO ASCORBICO;C([C@@H]([C@@H]1C(=C(C(=O)O1)O)O)O)O;1
ACIDO BENZOICO;C1=CC=C(C=C1)C(=O)O;
ACIDO CITRICO;C(C(=O)O)C(CC(=O)O)(C(=O)O)O;
ACIDO NICOTINICO;C1=CC(=CN=C1)C(=O)O;
ACIDO SALICILICO;C1=CC=C(C(=C1)C(=O)O)O;
ACIDO SORBICO;C/C=C/C=C/C(=O)O;1
ACIDO TANNICO;C1=C(C=C(C(=C1O)O)O)C(=O)OC2=CC(=CC(=C2O)O)C(=O)OC[C@@H]3[C@H]([C@@H]([C@H](C(O3)OC(=O)C4=CC(=C(C(=C4)OC(=O)C5=CC(=C(C(=C5)O)O)O)O)O)OC(=O)C6=CC(=C(C(=C6)OC(=O)C7=CC(=C(C(=C7)O)O)O)O)O)OC(=O)C8=CC(=C(C(=C8)OC(=O)C9=CC(=C(C(=C9)O)O)O)O)O)OC(=O)C1=CC(=C(C(=C1)OC(=O)C1=CC(=C(C(=C1)O)O)O)O)O;
ACIDO TARTARICO;[C@H]([C@@H](C(=O)O)O)(C(=O)O)O;
ALANINA;C[C@@H](C(=O)O)N;1
ASPARTAME;COC(=O)[C@H](CC1=CC=CC=C1)NC(=O)[C@H](CC(=O)O)N;
BENZOCAINA;CCOC(=O)C1=CC=C(C=C1)N;
CAFFEINA;CN1C=NC2=C1C(=O)N(C(=O)N2C)C;1
CALCIO GLICEROFOSFATO;C(C(CO)OP(=O)([O-])[O-])O.[Ca+2];
CALCIO GLUCONATO;C([C@H]([C@H]([C@@H]([C@H](C(=O)[O-])O)O)O)O)O.C([C@H]([C@H]([C@@H]([C@H](C(=O)[O-])O)O)O)O)O.[Ca+2];
CALCIO LATTATO;CC(C(=O)[O-])O.CC(C(=O)[O-])O.[Ca+2];
CALCIO PANTOTENATO;CC(C)(CO)[C@H](C(=O)NCCC(=O)[O-])O.CC(C)(CO)[C@H](C(=O)NCCC(=O)[O-])O;
CAPTOPRIL;C[C@H](CS)C(=O)N1CCC[C@H]1C(=O)O;1
CHINIDINA SOLFATO;COC1=CC2=C(C=CN=C2C=C1)[C@@H]([C@H]3C[C@@H]4CCN3C[C@@H]4C=C)O;1
CHININA HCl;COC1=CC2=C(C=CN=C2C=C1)[C@H]([C@@H]3C[C@@H]4CCN3C[C@@H]4C=C)O;
CHININA SOLFATO;COC1=CC2=C(C=CN=C2C=C1)[C@H]([C@@H]3C[C@@H]4CCN3C[C@@H]4C=C)O;1
CISTEINA HCl;C([C@@H](C(=O)O)N)S;1
CLORALIO IDRATO;C(C(Cl)(Cl)Cl)(O)O;0
CLORAMINA T;CC1=CC=C(C=C1)S(=O)(=O)[N-]Cl.[Na+];
CLORBUTANOLO;CC(C)(C(Cl)(Cl)Cl)O;0
CLOROCHINA BIFOSFATO;CCN(CC)CCCC(C)NC1=C2C=CC(=CC2=NC=C1)Cl ;
CLORPROMAZINA HCl;CN(C)CCCN1C2=CC=CC=C2SC3=C1C=C(C=C3)Cl;1
CORTISONE ACETATO;CC(=O)OCC(=O)[C@]1(CC[C@@H]2[C@@]1(CC(=O)[C@H]3[C@H]2CCC4=CC(=O)CC[C@]34C)C)O;
DAPSONE;C1=CC(=CC=C1N)S(=O)(=O)C2=CC=C(C=C2)N;1
DESAMETASONE ACETATO;C[C@@H]1C[C@H]2[C@@H]3CCC4=CC(=O)C=C[C@@]4([C@]3([C@H](C[C@@]2([C@]1(C(=O)COC(=O)C)O)C)O)F)C;
DESAMETASONE SODIO FOSFATO;C[C@@H]1C[C@H]2[C@@H]3CCC4=CC(=O)C=C[C@@]4([C@]3([C@H](C[C@@]2([C@]1(C(=O)COP(=O)([O-])[O-])O)C)O)F)C.[Na+].[Na+];
DIFENIDRAMINA HCl;CN(C)CCOC(C1=CC=CC=C1)C2=CC=CC=C2;
ECONAZOLO NITRATO;C1=CC(=CC=C1COC(CN2C=CN=C2)C3=C(C=C(C=C3)Cl)Cl)Cl.[N+](=O)(O)[O-];
EFEDRINA HCl;C[C@@H]([C@@H](C1=CC=CC=C1)O)NC;1
FENAZONE;CC1=CC(=O)N(N1C)C2=CC=CC=C2;1
FENILALANINA;C1=CC=C(C=C1)C[C@@H](C(=O)O)N;
FENILEFRINA HCl;CNC[C@@H](C1=CC(=CC=C1)O)O;
FENOLO;C1=CC=C(C=C1)O;
FENOTIAZINA;C1=CC=C2C(=C1)NC3=CC=CC=C3S2;0
FRUTTOSIO;C1[C@H]([C@H]([C@@H](C(O1)(CO)O)O)O)O;
FTALILSULFATIAZOLO;C1=CC=C(C(=C1)C(=O)NC2=CC=C(C=C2)S(=O)(=O)NC3=NC=CS3)C(=O)O;
FUROSEMIDE;C1=COC(=C1)CNC2=CC(=C(C=C2C(=O)O)S(=O)(=O)N)Cl;
GLICINA;C(C(=O)O)N;
GLUCOSIO;C([C@@H]1[C@H]([C@@H]([C@H](C(O1)O)O)O)O)O;
IDROCLOROTIAZIDE;C1NC2=CC(=C(C=C2S(=O)(=O)N1)S(=O)(=O)N)Cl;0
IDROCORTISONE;C[C@]12CCC(=O)C=C1CC[C@@H]3[C@@H]2[C@H](C[C@]4([C@H]3CC[C@@]4(C(=O)CO)O)C)O;0
IDROCORTISONE ACETATO;CC(=O)OCC(=O)[C@]1(CC[C@@H]2[C@@]1(C[C@@H]([C@H]3[C@H]2CCC4=CC(=O)CC[C@]34C)O)C)O;
IMIPRAMINA HCl;CN(C)CCCN1C2=CC=CC=C2CCC3=CC=CC=C31.Cl;1
INDOMETACINA;CC1=C(C2=C(N1C(=O)C3=CC=C(C=C3)Cl)C=CC(=C2)OC)CC(=O)O;0
ISONIAZIDE;C1=CN=CC=C1C(=O)NN;
LATTOSIO;C([C@@H]1[C@@H]([C@@H]([C@H]([C@@H](O1)O[C@@H]2[C@H](O[C@H]([C@@H]([C@H]2O)O)O)CO)O)O)O)O;0
LEUCINA;CC(C)C[C@@H](C(=O)O)N;
LIDOCAINA HCl;CCN(CC)CC(=O)NC1=C(C=CC=C1C)C;0
LISINA HCl;C(CCN)C[C@@H](C(=O)O)N;
LITIO CITRATO;[Li+].[Li+].[Li+].C(C(=O)[O-])C(CC(=O)[O-])(C(=O)[O-])O;
MAGNESIO ASPARTATO;C([C@@H](C(=O)[O-])N)C(=O)O.C([C@@H](C(=O)[O-])N)C(=O)O.O.O.O.O.[Mg+2];
MAGNESIO LATTATO;CC(C(=O)[O-])O.CC(C(=O)[O-])O.[Mg+2];
MANNITOLO;C([C@H]([C@H]([C@@H]([C@@H](CO)O)O)O)O)O;
METFORMINA HCl;CN(C)C(=N)N=C(N)N.Cl;
METILPARABEN;COC(=O)C1=CC=C(C=C1)O;
METIONINA;CSCC[C@@H](C(=O)O)N;
METRONIDAZOLO;CC1=NC=C(N1CCO)[N+](=O)[O-];0
NICLOSAMIDE;C1=CC(=C(C=C1[N+](=O)[O-])Cl)NC(=O)C2=C(C=CC(=C2)Cl)O;
NICOTINAMIDE;C1=CC(=CN=C1)C(=O)N;1
NIFEDIPINA;CC1=C(C(C(=C(N1)C)C(=O)OC)C2=CC=CC=C2[N+](=O)[O-])C(=O)OC;
PAPAVERINA HCl;COC1=C(C=C(C=C1)CC2=NC=CC3=CC(=C(C=C32)OC)OC)OC.Cl;
PARACETAMOLO;CC(=O)NC1=CC=C(C=C1)O;
PIRIDOSSINA HCl;CC1=NC=C(C(=C1O)CO)CO.Cl;1
POTASSIO ASPARTATO;[H+].[H+].C([C@@H](C(=O)[O-])N)C(=O)[O-].C([C@@H](C(=O)[O-])N)C(=O)[O-].O.[K+].[K+];
POTASSIO CITRATO;C(C(=O)[O-])C(CC(=O)[O-])(C(=O)[O-])O;
POTASSIO SORBATO;C=CC=CC(=O)[O-].[K+];1
POTASSIO TARTRATO;C(C(C(=O)[O-])O)C(=O)O.[K+];0
PREDNISONE;C[C@]12CC(=O)[C@H]3[C@H]([C@@H]1CC[C@@]2(C(=O)CO)O)CCC4=CC(=O)C=C[C@]34C;
PROBENECID;CCCN(CCC)S(=O)(=O)C1=CC=C(C=C1)C(=O)O;
PROCAINA HCl;CCN(CC)CCOC(=O)C1=CC=C(C=C1)N.Cl;
PROCAINAMMIDE HCl;CCN(CC)CCNC(=O)C1=CC=C(C=C1)N.Cl;
PROGESTERONE;CC(=O)[C@H]1CC[C@@H]2[C@@]1(CC[C@H]3[C@H]2CCC4=CC(=O)CC[C@]34C)C;
PROLINA;C1C[C@H](NC1)C(=O)O;
PROMETAZINA HCl;CC(CN1C2=CC=CC=C2SC3=CC=CC=C31)N(C)C.Cl;
PROPIFENAZONE;CC1=C(C(=O)N(N1C)C2=CC=CC=C2)C(C)C;1
PROPILPARABEN;CCCOC(=O)C1=CC=C(C=C1)O;
SACCARINA;C1=CC=C2C(=C1)C(=O)NS2(=O)=O;
SACCARINA SODICA;C1=CC=C2C(=C1)C(=O)[N-]S2(=O)=O.[Na+];1
SACCAROSIO;C([C@@H]1[C@H]([C@@H]([C@H]([C@H](O1)O[C@]2([C@H]([C@@H]([C@H](O2)CO)O)O)CO)O)O)O)O;
SCOPOLAMINA HBr;CN1[C@@H]2CC(C[C@H]1[C@H]3[C@@H]2O3)OC(=O)[C@H](CO)C4=CC=CC=C4.O.O.O.Br;
SERINA;C([C@@H](C(=O)O)N)O;
SODIO ACETATO;CC(=O)[O-].[Na+];
SODIO ASCORBATO;C([C@@H]([C@@H]1C(=C(C(=O)O1)O)[O-])O)O.[Na+];
SODIO BENZOATO;C1=CC=C(C=C1)C(=O)[O-].[Na+];
SODIO CITRATO;C(C(=O)[O-])C(CC(=O)[O-])(C(=O)[O-])O.[Na+].[Na+].[Na+];
SODIO P-AMMINO SALICILATO;C1=CC(=C(C=C1N)O)C(=O)[O-].[Na+];
SODIO SALICILATO;C1=CC=C(C(=C1)C(=O)[O-])O.[Na+];
SORBITOLO;C([C@H]([C@H]([C@@H]([C@H](CO)O)O)O)O)O;0
SPIRONOLATTONE;CC(=O)S[C@@H]1CC2=CC(=O)CC[C@@]2([C@@H]3[C@@H]1[C@@H]4CC[C@]5([C@]4(CC3)C)CCC(=O)O5)C;
SUCRALOSIO;C([C@@H]1[C@@H]([C@@H]([C@H]([C@H](O1)O[C@]2([C@H]([C@@H]([C@H](O2)CCl)O)O)CCl)O)O)Cl)O;
SULFADIAZINA;C1=CN=C(N=C1)NS(=O)(=O)C2=CC=C(C=C2)N;0
SULFAGUANIDINA;C1=CC(=CC=C1N)S(=O)(=O)N=C(N)N;1
SULFAMERAZINA;CC1=NC(=NC=C1)NS(=O)(=O)C2=CC=C(C=C2)N;
SULFAMETOSSIPIRIDAZINA;COC1=NN=C(C=C1)NS(=O)(=O)C2=CC=C(C=C2)N;
SULFANILAMIDE;C1=CC(=CC=C1N)S(=O)(=O)N;
SULFATIAZOLO;C1=CC(=CC=C1N)S(=O)(=O)NC2=NC=CS2;
TEOBROMINA;CN1C=NC2=C1C(=O)NC(=O)N2C;1
TEOFILLINA;CN1C2=C(C(=O)N(C1=O)C)NC=N2;1
TIAMINA HCl;CC1=C(SC=[N+]1CC2=CN=C(N=C2N)C)CCO.Cl;1
TIMOLO;CC(C)(C)NC[C@@H](COC1=NSN=C1N2CCOCC2)O;
TOLBUTAMIDE;CCCCNC(=O)NS(=O)(=O)C1=CC=C(C=C1)C;
TREONINA;C[C@H]([C@@H](C(=O)O)N)O;
TRIPTOFANO;C1=CC=C2C(=C1)C(=CN2)C[C@@H](C(=O)O)N;
VALINA;CC(C)[C@@H](C(=O)O)N;
VANILLINA;COC1=C(C=CC(=C1)C=O)O;1
ACETAZOLAMIDE;CC(=O)NC1=NN=C(S1)S(=O)(=O)N;1
ACIDO ASPARTICO;C([C@@H](C(=O)O)N)C(=O)O;1
AMBROXOLO;C1=C(C(=C(C=C1Br)Br)N)CNC2CCC(CC2)O;0
POTASSIO ACETATO;CC(=O)[O-].[K+];0
FERRO GLUCONATO;C([C@H]([C@H]([C@@H]([C@H](C(=O)[O-])O)O)O)O)O.C([C@H]([C@H]([C@@H]([C@H](C(=O)[O-])O)O)O)O)O.[Fe+2];0
DESTROMETORFANO;CN1CC[C@@]23CCCC[C@@H]2[C@@H]1CC4=C3C=C(C=C4)OC;1
ARGININA;C(C[C@@H](C(=O)O)N)CN=C(N)N;1
CIMETIDINA;CC1=C(N=CN1)CSCCNC(=NC)NC#N;1
PROPILTIOURACILE;CCCC1=CC(=O)NC(=S)N1;1
PIPERAZINA ESAIDRATA;C1CNCCN1;1
PREDNISOLONE ACETATO;CC(=O)OCC(=O)[C@]1(CC[C@@H]2[C@@]1(C[C@@H]([C@H]3[C@H]2CCC4=CC(=O)C=C[C@]34C)O)C)O;1