Molecola,SMILES,ACIDO CROMOTROPICO,ACIDO OSSALICO (ACETATI),ACQUA DI BROMO (FENOTIAZINE),AMMINE PRIMARIE e NO2-AROM (DIAZO-COPULAZIONE),AMMINE TERZIARIE (ACIDO CITRICO E ANIDRIDE ACETICA),AMMINE TERZIARIE (BOUCHARDAT),AMMINE TERZIARIE (DRAGENDORFF),AMMINE TERZIARIE (MAYER),AgNO3 & NH4OH (FOSFATI),AgNO3 (ALOGENURI),AgNO3 (XANTINE),BASE SCHIFF (SULFAMIDICI),BEILSTEIN (FILO Cu),BIURETO CUSO4 + HCL (CALCIO PANTOTENATO),BORACE & FENOLFTALEINA (POLIALCOLI),BOUCHARDAT IN AMB BASICO (CLORBUTANOLO),BOUCHARDAT IN AMB BASICO (LATTATI),CHEN-KAO (FENIL-ALCHIL-AMMINE),CLORAMMINA T & CH2Cl2 (BROMURI E IODURI),CLORAMMINA T (FENOTIAZINE),CORALINA (ALC ISOCHINOLINICI),CaCl2 IN AMB BASICO (CITRATI),DENIGES & KMnO4 (CITRATI),FENTON: FeSO4 + H2O2 (TARTRATI),FILO Ni-Cr,"FeCl3 (ALCOLI AROMATICI, AA, SALICILATI, …)",FeCl3 + HCl o H2SO4 (FENAZONE E PROPIFENAZONE),FeCl3-CONC (BENZOATI & SALICILATI),FeSO4 & H2SO4 (NITRATI),GIBBS (PIRIDOSSINA),GRANDEZZE FISICHE (PUNTO FUSIONE),H2SO4 & DILUIZIONE H2O (STEROIDI),H2SO4-DIL + FLUORESCENZA (ALC CHINOLINICI),HCl + BaCl2 (SOLFATI),HNO3 + AgNO3 (ACIDO ASCORBICO),HNO3-CONC (FENOTIAZINE),IDROSSILAMMINA (ESTERI & AMMIDI),LASSAIGNE:ALOGENI,LASSAIGNE:AZOTO,LASSAIGNE:FOSFORO,LASSAIGNE:ZOLFO,LIEBERMANN (FENOLI p-LIBERA),MILLON (FENOLI p-OCCUPATA),MOHLER (LATTATI E TARTRATI),MOLIBDICO & NH4OH (FOSFATI),MOLISCH (CARBOIDRATI),MURESSIDE (XANTINE),NH4OH & Na2HPO4 (MAGNESIO),NH4OH B.M. (LATTOSIO),NINIDRINA (AMINOACIDI),NaNO2 + H2SO4 (FENAZONE),ORGANOLETTICA,OSSALATO AMMONIO (CALCIO),OSSIDAZIONE ACQUA DI BROMO,OSSIDAZIONE FEHLING,OSSIDAZIONE KMnO4,PROVA AL COCCIO,RESORCINA & FLUORESCENZA (SACCARINA E SALI),RESORCINA + NaOH (CLORALIO IDRATO),RIDUZIONE GRUPPO NITRO (NO2-Ar),SAGGIO BIURETO,SAGGIO LEGAL (ACIDO ASCORBICO),SELIWANOFF (CHETOESOSI),SOLUBILITA ACQUA,SOLUBILITA ETOH,SOLUBILITA HCL,SOLUBILITA NAOH,SOLUBILITA NaHCO3,TALLEIOCHINA (ALC CHINOLINICI),TIOCROMO (TIAMINA HCl),TTC (STEROIDI),UREA & FLUORESCENZA (CITRATI),VANILLINA (ISONIAZIDE),VITALI-MORIN,ZINKE-KONIG (PIRIDINE)
ACETILCISTEINA,CC(=O)N[C@@H](CS)C(=O)O
ACIDO ACETILSALICILICO,CC(=O)OC1=CC=CC=C1C(=O)O
ACIDO ASCORBICO,C([C@@H]([C@@H]1C(=C(C(=O)O1)O)O)O)O
ACIDO BENZOICO,C1=CC=C(C=C1)C(=O)O
ACIDO CITRICO,C(C(=O)O)C(CC(=O)O)(C(=O)O)O
ACIDO NICOTINICO,C1=CC(=CN=C1)C(=O)O
ACIDO SALICILICO,C1=CC=C(C(=C1)C(=O)O)O
ACIDO SORBICO,C/C=C/C=C/C(=O)O
ACIDO TANNICO,C1=C(C=C(C(=C1O)O)O)C(=O)OC2=CC(=CC(=C2O)O)C(=O)OC[C@@H]3[C@H]([C@@H]([C@H](C(O3)OC(=O)C4=CC(=C(C(=C4)OC(=O)C5=CC(=C(C(=C5)O)O)O)O)O)OC(=O)C6=CC(=C(C(=C6)OC(=O)C7=CC(=C(C(=C7)O)O)O)O)O)OC(=O)C8=CC(=C(C(=C8)OC(=O)C9=CC(=C(C(=C9)O)O)O)O)O)OC(=O)C1=CC(=C(C(=C1)OC(=O)C1=CC(=C(C(=C1)O)O)O)O)O
ACIDO TARTARICO,[C@H]([C@@H](C(=O)O)O)(C(=O)O)O
ALANINA,C[C@@H](C(=O)O)N
ASPARTAME,COC(=O)[C@H](CC1=CC=CC=C1)NC(=O)[C@H](CC(=O)O)N
BENZOCAINA,CCOC(=O)C1=CC=C(C=C1)N
CAFFEINA,CN1C=NC2=C1C(=O)N(C(=O)N2C)C
CALCIO GLICEROFOSFATO,C(C(CO)OP(=O)([O-])[O-])O.[Ca+2]
CALCIO GLUCONATO,C([C@H]([C@H]([C@@H]([C@H](C(=O)[O-])O)O)O)O)O.C([C@H]([C@H]([C@@H]([C@H](C(=O)[O-])O)O)O)O)O.[Ca+2]
CALCIO LATTATO,CC(C(=O)[O-])O.CC(C(=O)[O-])O.[Ca+2]
CALCIO PANTOTENATO,CC(C)(CO)[C@H](C(=O)NCCC(=O)[O-])O.CC(C)(CO)[C@H](C(=O)NCCC(=O)[O-])O.[Ca+2]
CAPTOPRIL,C[C@H](CS)C(=O)N1CCC[C@H]1C(=O)O
CHINIDINA SOLFATO,COC1=CC2=C(C=CN=C2C=C1)[C@@H]([C@H]3C[C@@H]4CCN3C[C@@H]4C=C)O.[SO4]2-
CHININA HCl,COC1=CC2=C(C=CN=C2C=C1)[C@H]([C@@H]3C[C@@H]4CCN3C[C@@H]4C=C)O
CHININA SOLFATO,COC1=CC2=C(C=CN=C2C=C1)[C@H]([C@@H]3C[C@@H]4CCN3C[C@@H]4C=C)O
CISTEINA HCl,C([C@@H](C(=O)O)N)S
CLORALIO IDRATO,C(C(Cl)(Cl)Cl)(O)O
CLORAMINA T,CC1=CC=C(C=C1)S(=O)(=O)[N-]Cl.[Na+]
CLORBUTANOLO,CC(C)(C(Cl)(Cl)Cl)O
CLOROCHINA BIFOSFATO,CCN(CC)CCCC(C)NC1=C2C=CC(=CC2=NC=C1)Cl 
CLORPROMAZINA HCl,CN(C)CCCN1C2=CC=CC=C2SC3=C1C=C(C=C3)Cl
CORTISONE ACETATO,CC(=O)OCC(=O)[C@]1(CC[C@@H]2[C@@]1(CC(=O)[C@H]3[C@H]2CCC4=CC(=O)CC[C@]34C)C)O
DAPSONE,C1=CC(=CC=C1N)S(=O)(=O)C2=CC=C(C=C2)N
DESAMETASONE ACETATO,C[C@@H]1C[C@H]2[C@@H]3CCC4=CC(=O)C=C[C@@]4([C@]3([C@H](C[C@@]2([C@]1(C(=O)COC(=O)C)O)C)O)F)C
DESAMETASONE SODIO FOSFATO,C[C@@H]1C[C@H]2[C@@H]3CCC4=CC(=O)C=C[C@@]4([C@]3([C@H](C[C@@]2([C@]1(C(=O)COP(=O)([O-])[O-])O)C)O)F)C.[Na+].[Na+]
DIFENIDRAMINA HCl,CN(C)CCOC(C1=CC=CC=C1)C2=CC=CC=C2
ECONAZOLO NITRATO,C1=CC(=CC=C1COC(CN2C=CN=C2)C3=C(C=C(C=C3)Cl)Cl)Cl.[N+](=O)(O)[O-]
EFEDRINA HCl,C[C@@H]([C@@H](C1=CC=CC=C1)O)NC
FENAZONE,CC1=CC(=O)N(N1C)C2=CC=CC=C2
FENILALANINA,C1=CC=C(C=C1)C[C@@H](C(=O)O)N
FENILEFRINA HCl,CNC[C@@H](C1=CC(=CC=C1)O)O
FENOLO,C1=CC=C(C=C1)O
FENOTIAZINA,C1=CC=C2C(=C1)NC3=CC=CC=C3S2
FRUTTOSIO,1[C@H]([C@H]([C@@H](C(O1)(CO)O)O)O)O
FTALILSULFATIAZOLO,C1=CC=C(C(=C1)C(=O)NC2=CC=C(C=C2)S(=O)(=O)NC3=NC=CS3)C(=O)O
FUROSEMIDE,C1=COC(=C1)CNC2=CC(=C(C=C2C(=O)O)S(=O)(=O)N)Cl
GLICINA,C(C(=O)O)N
GLUCOSIO,C([C@@H]1[C@H]([C@@H]([C@H](C(O1)O)O)O)O)O
IDROCLOROTIAZIDE,C1NC2=CC(=C(C=C2S(=O)(=O)N1)S(=O)(=O)N)Cl
IDROCORTISONE,C[C@]12CCC(=O)C=C1CC[C@@H]3[C@@H]2[C@H](C[C@]4([C@H]3CC[C@@]4(C(=O)CO)O)C)O
IDROCORTISONE ACETATO,CC(=O)OCC(=O)[C@]1(CC[C@@H]2[C@@]1(C[C@@H]([C@H]3[C@H]2CCC4=CC(=O)CC[C@]34C)O)C)O
IMIPRAMINA HCl,CN(C)CCCN1C2=CC=CC=C2CCC3=CC=CC=C31.Cl
INDOMETACINA,CC1=C(C2=C(N1C(=O)C3=CC=C(C=C3)Cl)C=CC(=C2)OC)CC(=O)O
ISONIAZIDE,C1=CN=CC=C1C(=O)NN
LATTOSIO,C([C@@H]1[C@@H]([C@@H]([C@H]([C@@H](O1)O[C@@H]2[C@H](O[C@H]([C@@H]([C@H]2O)O)O)CO)O)O)O)O
LEUCINA,CC(C)C[C@@H](C(=O)O)N
LIDOCAINA HCl,CCN(CC)CC(=O)NC1=C(C=CC=C1C)C.Cl
LISINA HCl,(CCN)C[C@@H](C(=O)O)N.Cl
LITIO CITRATO,[Li+].[Li+].[Li+].C(C(=O)[O-])C(CC(=O)[O-])(C(=O)[O-])O
MAGNESIO ASPARTATO,C([C@@H](C(=O)[O-])N)C(=O)O.C([C@@H](C(=O)[O-])N)C(=O)O.O.O.O.O.[Mg+2]
MAGNESIO LATTATO,CC(C(=O)[O-])O.CC(C(=O)[O-])O.[Mg+2]
MANNITOLO,C([C@H]([C@H]([C@@H]([C@@H](CO)O)O)O)O)O
METFORMINA HCl,CN(C)C(=N)N=C(N)N.Cl
METILPARABEN,COC(=O)C1=CC=C(C=C1)O
METIONINA,CSCC[C@@H](C(=O)O)N
METRONIDAZOLO,CC1=NC=C(N1CCO)[N+](=O)[O-]
NICLOSAMIDE,C1=CC(=C(C=C1[N+](=O)[O-])Cl)NC(=O)C2=C(C=CC(=C2)Cl)O
NICOTINAMIDE,C1=CC(=CN=C1)C(=O)N
NIFEDIPINA,CC1=C(C(C(=C(N1)C)C(=O)OC)C2=CC=CC=C2[N+](=O)[O-])C(=O)OC
PAPAVERINA HCl,COC1=C(C=C(C=C1)CC2=NC=CC3=CC(=C(C=C32)OC)OC)OC.Cl
PARACETAMOLO,CC(=O)NC1=CC=C(C=C1)O
PIRIDOSSINA HCl,CC1=NC=C(C(=C1O)CO)CO.Cl
POTASSIO ASPARTATO,[H+].[H+].C([C@@H](C(=O)[O-])N)C(=O)[O-].C([C@@H](C(=O)[O-])N)C(=O)[O-].O.[K+].[K+]
POTASSIO CITRATO,[C(C(=O)[O-])C(CC(=O)[O-])(C(=O)[O-])O].[K+].[K+].[K+]
POTASSIO SORBATO,C=CC=CC(=O)[O-].[K+]
POTASSIO TARTRATO,C(C(C(=O)[O-])O)C(=O)O.[K+]
PREDNISONE,C[C@]12CC(=O)[C@H]3[C@H]([C@@H]1CC[C@@]2(C(=O)CO)O)CCC4=CC(=O)C=C[C@]34C
PROBENECID,CCCN(CCC)S(=O)(=O)C1=CC=C(C=C1)C(=O)O
PROCAINA HCl,CCN(CC)CCOC(=O)C1=CC=C(C=C1)N.Cl
PROCAINAMMIDE HCl,CCN(CC)CCNC(=O)C1=CC=C(C=C1)N.Cl
PROGESTERONE,CC(=O)[C@H]1CC[C@@H]2[C@@]1(CC[C@H]3[C@H]2CCC4=CC(=O)CC[C@]34C)C
PROLINA,C1C[C@H](NC1)C(=O)O
PROMETAZINA HCl,CC(CN1C2=CC=CC=C2SC3=CC=CC=C31)N(C)C.Cl
PROPIFENAZONE,CC1=C(C(=O)N(N1C)C2=CC=CC=C2)C(C)C
PROPILPARABEN,CCCOC(=O)C1=CC=C(C=C1)O
SACCARINA,C1=CC=C2C(=C1)C(=O)NS2(=O)=O
SACCARINA SODICA,C1=CC=C2C(=C1)C(=O)[N-]S2(=O)=O.[Na+]
SACCAROSIO,C([C@@H]1[C@H]([C@@H]([C@H]([C@H](O1)O[C@]2([C@H]([C@@H]([C@H](O2)CO)O)O)CO)O)O)O)O
SCOPOLAMINA HBr,CN1[C@@H]2CC(C[C@H]1[C@H]3[C@@H]2O3)OC(=O)[C@H](CO)C4=CC=CC=C4.O.O.O.Br
SERINA,C([C@@H](C(=O)O)N)O
SODIO ACETATO,CC(=O)[O-].[Na+]
SODIO ASCORBATO,C([C@@H]([C@@H]1C(=C(C(=O)O1)O)[O-])O)O.[Na+]
SODIO BENZOATO,C1=CC=C(C=C1)C(=O)[O-].[Na+]
SODIO CITRATO,C(C(=O)[O-])C(CC(=O)[O-])(C(=O)[O-])O.[Na+].[Na+].[Na+]
SODIO P-AMMINO SALICILATO,C1=CC(=C(C=C1N)O)C(=O)[O-].[Na+]
SODIO SALICILATO,C1=CC=C(C(=C1)C(=O)[O-])O.[Na+]
SORBITOLO,C([C@H]([C@H]([C@@H]([C@H](CO)O)O)O)O)O
SPIRONOLATTONE,CC(=O)S[C@@H]1CC2=CC(=O)CC[C@@]2([C@@H]3[C@@H]1[C@@H]4CC[C@]5([C@]4(CC3)C)CCC(=O)O5)C
SUCRALOSIO,C([C@@H]1[C@@H]([C@@H]([C@H]([C@H](O1)O[C@]2([C@H]([C@@H]([C@H](O2)CCl)O)O)CCl)O)O)Cl)O
SULFADIAZINA,C1=CN=C(N=C1)NS(=O)(=O)C2=CC=C(C=C2)N
SULFAGUANIDINA,C1=CC(=CC=C1N)S(=O)(=O)N=C(N)N
SULFAMERAZINA,CC1=NC(=NC=C1)NS(=O)(=O)C2=CC=C(C=C2)N
SULFAMETOSSIPIRIDAZINA,COC1=NN=C(C=C1)NS(=O)(=O)C2=CC=C(C=C2)N
SULFANILAMIDE,C1=CC(=CC=C1N)S(=O)(=O)N
SULFATIAZOLO,C1=CC(=CC=C1N)S(=O)(=O)NC2=NC=CS2
TEOBROMINA,CN1C=NC2=C1C(=O)NC(=O)N2C
TEOFILLINA,CN1C2=C(C(=O)N(C1=O)C)NC=N2
TIAMINA HCl,CC1=C(SC=[N+]1CC2=CN=C(N=C2N)C)CCO.Cl
TIMOLO,CC(C)(C)NC[C@@H](COC1=NSN=C1N2CCOCC2)O
TOLBUTAMIDE,CCCCNC(=O)NS(=O)(=O)C1=CC=C(C=C1)C
TREONINA,C[C@H]([C@@H](C(=O)O)N)O
TRIPTOFANO,C1=CC=C2C(=C1)C(=CN2)C[C@@H](C(=O)O)N
VALINA,CC(C)[C@@H](C(=O)O)N
VANILLINA,COC1=C(C=CC(=C1)C=O)O
