Saggio;EsitoSaggio;Molecola;Fonte;Note
AMMINE TERZIARIE (ACIDO CITRICO E ANIDRIDE ACETICA);NEGATIVO;FENOTIAZINA;DAZEBAO;
ACIDO OSSALICO (ACETATI);NEGATIVO;PREDNISONE;SCHEDE;
ACIDO OSSALICO (ACETATI);NEGATIVO;SODIO CITRATO;SCHEDE;
ACIDO OSSALICO (ACETATI);POSITIVO;IDROCORTISONE ACETATO;SCHEDE;
ACIDO OSSALICO (ACETATI);POSITIVO;SODIO ACETATO;SCHEDE;
ACQUA DI BROMO (FENOTIAZINE);POSITIVO;CLORPROMAZINA HCl;DAZEBAO;COLORAZIONE ROSSA
ACQUA DI BROMO (FENOTIAZINE);POSITIVO;PROMETAZINA HCl;SCHEDE;ROSSO
OSSIDAZIONE ACQUA DI BROMO;NEGATIVO;CLORBUTANOLO;SCHEDE;
OSSIDAZIONE ACQUA DI BROMO;NEGATIVO;DAPSONE;DAZEBAO;COLORAZIONE RIMANE GIALLA
OSSIDAZIONE ACQUA DI BROMO;NEGATIVO;IDROCORTISONE;DAZEBAO;
OSSIDAZIONE ACQUA DI BROMO;NEGATIVO;METRONIDAZOLO;;
OSSIDAZIONE ACQUA DI BROMO;NEGATIVO;POTASSIO TARTRATO;SCHEDE;
OSSIDAZIONE ACQUA DI BROMO;POSITIVO;ACIDO ASCORBICO;DAZEBAO;DECOLORAZIONE
OSSIDAZIONE ACQUA DI BROMO;POSITIVO;ACIDO SORBICO;SCHEDE;
OSSIDAZIONE ACQUA DI BROMO;POSITIVO;CAFFEINA;DAZEBAO;
OSSIDAZIONE ACQUA DI BROMO;POSITIVO;CHINIDINA SOLFATO;SCHEDE;
OSSIDAZIONE ACQUA DI BROMO;POSITIVO;IDROCLOROTIAZIDE;DAZEBAO;AROMATICO
OSSIDAZIONE ACQUA DI BROMO;POSITIVO;POTASSIO SORBATO;SCHEDE;
OSSIDAZIONE ACQUA DI BROMO;POSITIVO;PROPIFENAZONE;DAZEBAO;DECOLORAZIONE E FORMAZIONE PPT BIANCO
OSSIDAZIONE ACQUA DI BROMO;POSITIVO;SACCARINA SODICA;SCHEDE;
OSSIDAZIONE ACQUA DI BROMO;POSITIVO;SULFADIAZINA;SCHEDE;DECOLORAZIONE, PPT BIANCO
OSSIDAZIONE ACQUA DI BROMO;POSITIVO;SULFAGUANIDINA;DAZEBAO;AROMATICO
OSSIDAZIONE ACQUA DI BROMO;POSITIVO;TEOBROMINA;DAZEBAO;
OSSIDAZIONE ACQUA DI BROMO;POSITIVO;TIAMINA HCl;SCHEDE;
OSSIDAZIONE ACQUA DI BROMO;POSITIVO;VANILLINA;SCHEDE;AROMATICO
AgNO3 & NH4OH (FOSFATI);NEGATIVO;ACIDO NICOTINICO;SCHEDE;
AgNO3 & NH4OH (FOSFATI);NEGATIVO;BENZOCAINA;SCHEDE;
AgNO3 & NH4OH (FOSFATI);NEGATIVO;CALCIO PANTOTENATO;SCHEDE;
AgNO3 & NH4OH (FOSFATI);NEGATIVO;NICOTINAMIDE;SCHEDE;
AgNO3 & NH4OH (FOSFATI);NEGATIVO;SODIO CITRATO;SCHEDE;
AgNO3 & NH4OH (FOSFATI);NEGATIVO;SODIO P-AMMINO SALICILATO;SCHEDE;
AgNO3 & NH4OH (FOSFATI);POSITIVO;CALCIO GLICEROFOSFATO;SCHEDE;
AgNO3 & NH4OH (FOSFATI);POSITIVO;DESAMETASONE SODIO FOSFATO;SCHEDE;
AgNO3 (ALOGENURI);NEGATIVO;ACIDO ASCORBICO;DAZEBAO;
AgNO3 (ALOGENURI);NEGATIVO;ACIDO CITRICO;SCHEDE;
AgNO3 (ALOGENURI);NEGATIVO;ACIDO NICOTINICO;SCHEDE;
AgNO3 (ALOGENURI);NEGATIVO;ACIDO SORBICO;SCHEDE;
AgNO3 (ALOGENURI);NEGATIVO;BENZOCAINA;;
AgNO3 (ALOGENURI);NEGATIVO;CAFFEINA;DAZEBAO;
AgNO3 (ALOGENURI);NEGATIVO;CHINIDINA SOLFATO;DAZEBAO;
AgNO3 (ALOGENURI);NEGATIVO;FENAZONE;SCHEDE;
AgNO3 (ALOGENURI);NEGATIVO;FENILALANINA;SCHEDE;
AgNO3 (ALOGENURI);NEGATIVO;FTALILSULFATIAZOLO;DAZEBAO;
AgNO3 (ALOGENURI);NEGATIVO;GLICINA;;
AgNO3 (ALOGENURI);NEGATIVO;MANNITOLO;SCHEDE;
AgNO3 (ALOGENURI);NEGATIVO;METILPARABEN;SCHEDE;
AgNO3 (ALOGENURI);NEGATIVO;NICOTINAMIDE;SCHEDE;
AgNO3 (ALOGENURI);NEGATIVO;PROLINA;;
AgNO3 (ALOGENURI);NEGATIVO;PROPIFENAZONE;;
AgNO3 (ALOGENURI);NEGATIVO;SODIO CITRATO;SCHEDE;
AgNO3 (ALOGENURI);NEGATIVO;SULFADIAZINA;SCHEDE;
AgNO3 (ALOGENURI);NEGATIVO;SULFAMERAZINA;SCHEDE;
AgNO3 (ALOGENURI);NEGATIVO;TEOBROMINA;SCHEDE;
AgNO3 (ALOGENURI);POSITIVO;CISTEINA HCl;SCHEDE;
AgNO3 (ALOGENURI);POSITIVO;CLORPROMAZINA HCl;DAZEBAO;PPT BIANCO
AgNO3 (ALOGENURI);POSITIVO;DIFENIDRAMINA HCl;SCHEDE;POSITIVO CLORURI
AgNO3 (ALOGENURI);POSITIVO;EFEDRINA HCl;SCHEDE;PPT BIANCO (CLORO)
AgNO3 (ALOGENURI);POSITIVO;IMIPRAMINA HCl;;PPT BIANCO
AgNO3 (ALOGENURI);POSITIVO;LIDOCAINA HCl;SCHEDE;PPT BIANCO
AgNO3 (ALOGENURI);POSITIVO;LISINA HCl;SCHEDE;PPT BIANCO (CLORO)
AgNO3 (ALOGENURI);POSITIVO;METFORMINA HCl;;PPT BIANCO
AgNO3 (ALOGENURI);POSITIVO;PROCAINA HCl;;
AgNO3 (ALOGENURI);POSITIVO;PROMETAZINA HCl;SCHEDE;PPT BIANCO GELATINOSO
AgNO3 (ALOGENURI);POSITIVO;TIAMINA HCl;SCHEDE;PPT BIANCO (CLORO)
AgNO3 (ALOGENURI);POSITIVO;CLORBUTANOLO;SCHEDE;
AgNO3 (ALOGENURI);POSITIVO;ECONAZOLO NITRATO;SCHEDE;
AgNO3 (ALOGENURI);POSITIVO;FUROSEMIDE;DAZEBAO;PPT BIANCO SOLUBILE IN NH4OH
AgNO3 (XANTINE);NEGATIVO;CAFFEINA;SCHEDE;
AgNO3 (XANTINE);POSITIVO;TEOBROMINA;SCHEDE;PPT BIANCO GELATINOSO
AgNO3 (XANTINE);POSITIVO;TEOFILLINA;;PPT BIANCO GELATINOSO
BASE SCHIFF (SULFAMIDICI);NEGATIVO;CHINIDINA SOLFATO;SCHEDE;
BASE SCHIFF (SULFAMIDICI);NEGATIVO;IDROCLOROTIAZIDE;DAZEBAO;
BASE SCHIFF (SULFAMIDICI);NEGATIVO;INDOMETACINA;;
BASE SCHIFF (SULFAMIDICI);NEGATIVO;SUCRALOSIO;SCHEDE;
BASE SCHIFF (SULFAMIDICI);NEGATIVO;TIAMINA HCl;SCHEDE;
BASE SCHIFF (SULFAMIDICI);POSITIVO;FTALILSULFATIAZOLO;DAZEBAO;DOPO IDROLISI
BASE SCHIFF (SULFAMIDICI);POSITIVO;SULFADIAZINA;SCHEDE;ARANCIONE
BASE SCHIFF (SULFAMIDICI);POSITIVO;SULFAGUANIDINA;DAZEBAO;
BASE SCHIFF (SULFAMIDICI);POSITIVO;SULFAMERAZINA;DAZEBAO;PPT GIALLO, SOLUZIONE GIALLO OCRA
BASE SCHIFF (SULFAMIDICI);POSITIVO;SULFANILAMIDE;;
BASE SCHIFF (SULFAMIDICI);POSITIVO;SULFATIAZOLO;SCHEDE;ARANCIONE
BIURETO CUSO4 + HCL (CALCIO PANTOTENATO);NEGATIVO;CALCIO GLICEROFOSFATO;SCHEDE;
BIURETO CUSO4 + HCL (CALCIO PANTOTENATO);NEGATIVO;CALCIO LATTATO;DAZEBAO;SI COLORA DI AZZURRO, NON CAMBIA ALL'AGGIUNTA DI HCL-DIL
BIURETO CUSO4 + HCL (CALCIO PANTOTENATO);NEGATIVO;POTASSIO TARTRATO;DAZEBAO;SI COLORA DI AZZURRO, NON CAMBIA ALL'AGGIUNTA DI HCL-DIL
BIURETO CUSO4 + HCL (CALCIO PANTOTENATO);POSITIVO;CALCIO PANTOTENATO;DAZEBAO;SI COLORA DI BLU, IL COLORE SI INTENSIFICA ALL'AGGIUNTA DI HCL-DIL
SAGGIO BIURETO;NEGATIVO;METFORMINA HCl;;
SAGGIO BIURETO;NEGATIVO;PROCAINAMMIDE HCl;SCHEDE;
SAGGIO BIURETO;POSITIVO;ACETILCISTEINA;;
SAGGIO BIURETO;POSITIVO;ALANINA;DAZEBAO;SI COLORA DI BLU, IL COLORE SI INTENSIFICA ALL'AGGIUNTA DI NAOH-DIL
SAGGIO BIURETO;POSITIVO;FENILALANINA;SCHEDE;BLU
SAGGIO BIURETO;POSITIVO;TREONINA;;
BORACE & FENOLFTALEINA (POLIALCOLI);POSITIVO;MANNITOLO;SCHEDE;
BORACE & FENOLFTALEINA (POLIALCOLI);POSITIVO;SACCAROSIO;SCHEDE;
BORACE & FENOLFTALEINA (POLIALCOLI);POSITIVO;SORBITOLO;SCHEDE;
AMMINE TERZIARIE (BOUCHARDAT);NEGATIVO;BENZOCAINA;DAZEBAO;
AMMINE TERZIARIE (BOUCHARDAT);NEGATIVO;FENOTIAZINA;DAZEBAO;
AMMINE TERZIARIE (BOUCHARDAT);POSITIVO;CHININA SOLFATO;DAZEBAO;
AMMINE TERZIARIE (BOUCHARDAT);POSITIVO;FENAZONE;;COLOR MATTONE
AMMINE TERZIARIE (BOUCHARDAT);POSITIVO;ISONIAZIDE;;
AMMINE TERZIARIE (BOUCHARDAT);POSITIVO;LIDOCAINA HCl;DAZEBAO;PPT ROSSO SCURO
AMMINE TERZIARIE (BOUCHARDAT);POSITIVO;METFORMINA HCl;;
AMMINE TERZIARIE (BOUCHARDAT);POSITIVO;NICOTINAMIDE;;
AMMINE TERZIARIE (BOUCHARDAT);POSITIVO;PROBENECID;;
AMMINE TERZIARIE (BOUCHARDAT);POSITIVO;PROCAINA HCl;;
AMMINE TERZIARIE (BOUCHARDAT);POSITIVO;PROCAINAMMIDE HCl;;
BOUCHARDAT IN AMB BASICO (LATTATI);NEGATIVO;CALCIO GLICEROFOSFATO;SCHEDE;
BOUCHARDAT IN AMB BASICO (LATTATI);NEGATIVO;SODIO CITRATO;SCHEDE;
BOUCHARDAT IN AMB BASICO (LATTATI);NEGATIVO;SUCRALOSIO;SCHEDE;
BOUCHARDAT IN AMB BASICO (LATTATI);POSITIVO;CALCIO LATTATO;SCHEDE;
BOUCHARDAT IN AMB BASICO (CLORBUTANOLO);POSITIVO;CLORBUTANOLO;DAZEBAO;COLORAZIONE GIALLO, PPT CHIARO DOPO 15 MIN
CaCl2 IN AMB BASICO (CITRATI);NEGATIVO;MANNITOLO;DAZEBAO;ALL'AGGIUNTA DI CACL2 SI HA COLORAZIONE ROSA E NON SI FORMA PPT BIANCO
CaCl2 IN AMB BASICO (CITRATI);NEGATIVO;SUCRALOSIO;SCHEDE;
CaCl2 IN AMB BASICO (CITRATI);POSITIVO;ACIDO CITRICO;DAZEBAO;ALL'AGGIUNTA DI CACL2 SI FORMA PPT BIANCO. SAGGIO NEGATIVO SE SI DIMENTICA DI RENDERE BASICO AMBIENTE
CaCl2 IN AMB BASICO (CITRATI);POSITIVO;ACIDO TARTARICO;DAZEBAO;ALL'AGGIUNTA DI CACL2 SI FORMA PPT BIANCO. SAGGIO NEGATIVO SE SI DIMENTICA DI RENDERE BASICO AMBIENTE
CaCl2 IN AMB BASICO (CITRATI);POSITIVO;LITIO CITRATO;SCHEDE;
CaCl2 IN AMB BASICO (CITRATI);POSITIVO;POTASSIO CITRATO;DAZEBAO;ALL'AGGIUNTA DI CACL2 SI FORMA PPT BIANCO
CaCl2 IN AMB BASICO (CITRATI);POSITIVO;POTASSIO TARTRATO;DAZEBAO;ALL'AGGIUNTA DI CACL2 SI FORMA PPT BIANCO
CaCl2 IN AMB BASICO (CITRATI);POSITIVO;SODIO CITRATO;SCHEDE;PPT BIANCO
CHEN-KAO (FENIL-ALCHIL-AMMINE);POSITIVO;EFEDRINA HCl;SCHEDE;VIOLA
CHEN-KAO (FENIL-ALCHIL-AMMINE);POSITIVO;FENILEFRINA HCl;SCHEDE;BLU-VIOLA
CLORAMMINA T & CH2Cl2 (BROMURI E IODURI);NEGATIVO;ACIDO ASCORBICO;DAZEBAO;
CLORAMMINA T & CH2Cl2 (BROMURI E IODURI);NEGATIVO;FUROSEMIDE;DAZEBAO;
CLORAMMINA T & CH2Cl2 (BROMURI E IODURI);NEGATIVO;SODIO CITRATO;SCHEDE;
CLORAMMINA T (FENOTIAZINE);NEGATIVO;CISTEINA HCl;SCHEDE;
CLORAMMINA T (FENOTIAZINE);NEGATIVO;FTALILSULFATIAZOLO;DAZEBAO;
CLORAMMINA T (FENOTIAZINE);NEGATIVO;IDROCLOROTIAZIDE;DAZEBAO;
CLORAMMINA T (FENOTIAZINE);NEGATIVO;SACCARINA SODICA;SCHEDE;
CLORAMMINA T (FENOTIAZINE);POSITIVO;CLORPROMAZINA HCl;DAZEBAO;COLORAZIONE ROSSO TENDENTE AL VIOLA
CLORAMMINA T (FENOTIAZINE);POSITIVO;PROMETAZINA HCl;SCHEDE;ROSSO
DENIGES & KMnO4 (CITRATI);DUBBIO;POTASSIO TARTRATO;SCHEDE;SAGGIO DUBBIO. AD ALCUNI POSITIVO AD ALTRI NEGATIVO
DENIGES & KMnO4 (CITRATI);NEGATIVO;ACIDO TARTARICO;DAZEBAO;DECOLORAZIONE MA SENZA PPT
DENIGES & KMnO4 (CITRATI);NEGATIVO;MANNITOLO;;
DENIGES & KMnO4 (CITRATI);NEGATIVO;POTASSIO TARTRATO;;DECOLORAZIONE MA NON PPT
DENIGES & KMnO4 (CITRATI);NEGATIVO;SODIO ACETATO;SCHEDE;
DENIGES & KMnO4 (CITRATI);POSITIVO;ACIDO CITRICO;SCHEDE;
DENIGES & KMnO4 (CITRATI);POSITIVO;LITIO CITRATO;SCHEDE;
DENIGES & KMnO4 (CITRATI);POSITIVO;SODIO CITRATO;SCHEDE;PPT BIANCO
AMMINE PRIMARIE e NO2-AROM (DIAZO-COPULAZIONE);NEGATIVO;CHINIDINA SOLFATO;SCHEDE;
AMMINE PRIMARIE e NO2-AROM (DIAZO-COPULAZIONE);NEGATIVO;CHININA SOLFATO;SCHEDE;
AMMINE PRIMARIE e NO2-AROM (DIAZO-COPULAZIONE);NEGATIVO;METFORMINA HCl;;
AMMINE PRIMARIE e NO2-AROM (DIAZO-COPULAZIONE);NEGATIVO;NICOTINAMIDE;SCHEDE;
AMMINE PRIMARIE e NO2-AROM (DIAZO-COPULAZIONE);NEGATIVO;SODIO SALICILATO;DAZEBAO;
AMMINE PRIMARIE e NO2-AROM (DIAZO-COPULAZIONE);NEGATIVO;SORBITOLO;SCHEDE;
AMMINE PRIMARIE e NO2-AROM (DIAZO-COPULAZIONE);NEGATIVO;SUCRALOSIO;SCHEDE;
AMMINE PRIMARIE e NO2-AROM (DIAZO-COPULAZIONE);POSITIVO;BENZOCAINA;DAZEBAO;PPT ROSSO O ROSSO-ARANCIO
AMMINE PRIMARIE e NO2-AROM (DIAZO-COPULAZIONE);POSITIVO;DAPSONE;DAZEBAO;PPT ARANCIONE O ROSSO
AMMINE PRIMARIE e NO2-AROM (DIAZO-COPULAZIONE);POSITIVO;METRONIDAZOLO;;PPT ROSA CHIARO
AMMINE PRIMARIE e NO2-AROM (DIAZO-COPULAZIONE);POSITIVO;NICLOSAMIDE;SCHEDE;DOPO RIDUZIONE GRUPPO NO2
AMMINE PRIMARIE e NO2-AROM (DIAZO-COPULAZIONE);POSITIVO;PROCAINA HCl;SCHEDE;
AMMINE PRIMARIE e NO2-AROM (DIAZO-COPULAZIONE);POSITIVO;PROCAINAMMIDE HCl;SCHEDE;PPT ROSSO-ARANCIO
AMMINE PRIMARIE e NO2-AROM (DIAZO-COPULAZIONE);POSITIVO;SODIO P-AMMINO SALICILATO;SCHEDE;
AMMINE PRIMARIE e NO2-AROM (DIAZO-COPULAZIONE);POSITIVO;SULFADIAZINA;SCHEDE;PPT ARANCIO-ROSSO
AMMINE PRIMARIE e NO2-AROM (DIAZO-COPULAZIONE);POSITIVO;SULFAGUANIDINA;DAZEBAO;
AMMINE PRIMARIE e NO2-AROM (DIAZO-COPULAZIONE);POSITIVO;SULFATIAZOLO;DAZEBAO;COLORAZIONE ARANCIO-ROSSO
AMMINE PRIMARIE e NO2-AROM (DIAZO-COPULAZIONE);POSITIVO;TIAMINA HCl;DAZEBAO;PPT GIALLINO, POI ROSSO
AMMINE TERZIARIE (DRAGENDORFF);NEGATIVO;BENZOCAINA;DAZEBAO;
AMMINE TERZIARIE (DRAGENDORFF);NEGATIVO;ISONIAZIDE;;
AMMINE TERZIARIE (DRAGENDORFF);POSITIVO;CHINIDINA SOLFATO;DAZEBAO;
AMMINE TERZIARIE (DRAGENDORFF);POSITIVO;CHININA HCl;SCHEDE;PPT ARANCIONE ACCESO
AMMINE TERZIARIE (DRAGENDORFF);POSITIVO;CHININA SOLFATO;DAZEBAO;
AMMINE TERZIARIE (DRAGENDORFF);POSITIVO;CLORPROMAZINA HCl;DAZEBAO;
AMMINE TERZIARIE (DRAGENDORFF);POSITIVO;FENAZONE;;PPT ARANCIONE
AMMINE TERZIARIE (DRAGENDORFF);POSITIVO;FENOTIAZINA;DAZEBAO;
AMMINE TERZIARIE (DRAGENDORFF);POSITIVO;LIDOCAINA HCl;DAZEBAO;PPT ARANCIONE
AMMINE TERZIARIE (DRAGENDORFF);POSITIVO;METFORMINA HCl;;
AMMINE TERZIARIE (DRAGENDORFF);POSITIVO;NICOTINAMIDE;;
AMMINE TERZIARIE (DRAGENDORFF);POSITIVO;PROBENECID;;
AMMINE TERZIARIE (DRAGENDORFF);POSITIVO;PROCAINA HCl;;
AMMINE TERZIARIE (DRAGENDORFF);POSITIVO;PROCAINAMMIDE HCl;;
AMMINE TERZIARIE (DRAGENDORFF);POSITIVO;PROMETAZINA HCl;SCHEDE;PPT ARANCIONE ACCESO
TTC (STEROIDI);NEGATIVO;DESAMETASONE SODIO FOSFATO;;ROSA PALLIDO
TTC (STEROIDI);NEGATIVO;PROGESTERONE;;
TTC (STEROIDI);NEGATIVO;SPIRONOLATTONE;;
TTC (STEROIDI);POSITIVO;CORTISONE ACETATO;DAZEBAO;ROSSO SANGUE
TTC (STEROIDI);POSITIVO;DESAMETASONE ACETATO;;ROSSO SCURO
TTC (STEROIDI);POSITIVO;IDROCORTISONE;;ROSSO SANGUE
TTC (STEROIDI);POSITIVO;IDROCORTISONE ACETATO;;ROSSO FUOCO
TTC (STEROIDI);POSITIVO;PREDNISONE;SCHEDE;ROSSO
FeCl3 (ALCOLI AROMATICI, AA, SALICILATI, …);NEGATIVO;ACIDO ASCORBICO;DAZEBAO;
FeCl3 (ALCOLI AROMATICI, AA, SALICILATI, …);NEGATIVO;ACIDO CITRICO;SCHEDE;
FeCl3 (ALCOLI AROMATICI, AA, SALICILATI, …);NEGATIVO;ACIDO TARTARICO;SCHEDE;
FeCl3 (ALCOLI AROMATICI, AA, SALICILATI, …);NEGATIVO;CALCIO GLICEROFOSFATO;;
FeCl3 (ALCOLI AROMATICI, AA, SALICILATI, …);NEGATIVO;CLORBUTANOLO;DAZEBAO;
FeCl3 (ALCOLI AROMATICI, AA, SALICILATI, …);NEGATIVO;FRUTTOSIO;SCHEDE;
FeCl3 (ALCOLI AROMATICI, AA, SALICILATI, …);NEGATIVO;IDROCLOROTIAZIDE;DAZEBAO;
FeCl3 (ALCOLI AROMATICI, AA, SALICILATI, …);NEGATIVO;LATTOSIO;DAZEBAO;
FeCl3 (ALCOLI AROMATICI, AA, SALICILATI, …);NEGATIVO;MANNITOLO;SCHEDE;
FeCl3 (ALCOLI AROMATICI, AA, SALICILATI, …);NEGATIVO;NICOTINAMIDE;;
FeCl3 (ALCOLI AROMATICI, AA, SALICILATI, …);NEGATIVO;PROCAINAMMIDE HCl;SCHEDE;
FeCl3 (ALCOLI AROMATICI, AA, SALICILATI, …);NEGATIVO;SACCARINA SODICA;SCHEDE;
FeCl3 (ALCOLI AROMATICI, AA, SALICILATI, …);NEGATIVO;SACCAROSIO;DAZEBAO;
FeCl3 (ALCOLI AROMATICI, AA, SALICILATI, …);NEGATIVO;SODIO ACETATO;SCHEDE;ROSSO LIMPIDO
FeCl3 (ALCOLI AROMATICI, AA, SALICILATI, …);NEGATIVO;SODIO CITRATO;SCHEDE;
FeCl3 (ALCOLI AROMATICI, AA, SALICILATI, …);NEGATIVO;SUCRALOSIO;SCHEDE;
FeCl3 (ALCOLI AROMATICI, AA, SALICILATI, …);NEGATIVO;SULFAGUANIDINA;DAZEBAO;
FeCl3 (ALCOLI AROMATICI, AA, SALICILATI, …);NEGATIVO;TIAMINA HCl;SCHEDE;
FeCl3 (ALCOLI AROMATICI, AA, SALICILATI, …);NEGATIVO;TIMOLO;;NO COLORAZIONE CARATTERISTICA
FeCl3 (ALCOLI AROMATICI, AA, SALICILATI, …);POSITIVO;ACIDO ACETILSALICILICO;SCHEDE;VIOLA INTENSO. DOPO IDROLISI
FeCl3 (ALCOLI AROMATICI, AA, SALICILATI, …);POSITIVO;ACIDO BENZOICO;SCHEDE;PPT ROSA CARNE
FeCl3 (ALCOLI AROMATICI, AA, SALICILATI, …);POSITIVO;ACIDO NICOTINICO;DAZEBAO;COLORAZIONE RAME, MA SENZA PPT
FeCl3 (ALCOLI AROMATICI, AA, SALICILATI, …);POSITIVO;ACIDO TANNICO;DAZEBAO;COLORAZIONE BLU-SCURO O NERO
FeCl3 (ALCOLI AROMATICI, AA, SALICILATI, …);POSITIVO;FENAZONE;;ROSSO SANGUE
FeCl3 (ALCOLI AROMATICI, AA, SALICILATI, …);POSITIVO;FENILEFRINA HCl;SCHEDE;VIOLA
FeCl3 (ALCOLI AROMATICI, AA, SALICILATI, …);POSITIVO;FENOLO;SCHEDE;VIOLA
FeCl3 (ALCOLI AROMATICI, AA, SALICILATI, …);POSITIVO;METILPARABEN;SCHEDE;
FeCl3 (ALCOLI AROMATICI, AA, SALICILATI, …);POSITIVO;PARACETAMOLO;SCHEDE;BLU MOLTO SCURO
FeCl3 (ALCOLI AROMATICI, AA, SALICILATI, …);POSITIVO;PIRIDOSSINA HCl;DAZEBAO;COLORAZIONE ROSSA MOLTO INTENSA, DECOLORAZIONE IN SEGUITO AD AGGIUNTA ACIDO
FeCl3 (ALCOLI AROMATICI, AA, SALICILATI, …);POSITIVO;PROPILPARABEN;DAZEBAO;COLORAZIONE BRUNA
FeCl3 (ALCOLI AROMATICI, AA, SALICILATI, …);POSITIVO;SODIO BENZOATO;DAZEBAO;PPT ROSA CARNE
FeCl3 (ALCOLI AROMATICI, AA, SALICILATI, …);POSITIVO;SODIO P-AMMINO SALICILATO;DAZEBAO;COLORAZIONE ROSSO SANGUE-BRUNA
FeCl3 (ALCOLI AROMATICI, AA, SALICILATI, …);POSITIVO;SODIO SALICILATO;DAZEBAO;COLORAZIONE VIOLA PERSISTENTE
FeCl3 + HCl o H2SO4 (FENAZONE E PROPIFENAZONE);NEGATIVO;NICOTINAMIDE;SCHEDE;
FeCl3 + HCl o H2SO4 (FENAZONE E PROPIFENAZONE);POSITIVO;FENAZONE;DAZEBAO;LA COLORAZIONE RESTA ARANCIONE MOLTO CHIARO
FeCl3 + HCl o H2SO4 (FENAZONE E PROPIFENAZONE);POSITIVO;PROPIFENAZONE;SCHEDE;ROSSO MATTONE POI GIALLO
FeCl3-CONC (BENZOATI & SALICILATI);NEGATIVO;ACIDO SORBICO;SCHEDE;
FeCl3-CONC (BENZOATI & SALICILATI);NEGATIVO;DESAMETASONE SODIO FOSFATO;SCHEDE;
FeCl3-CONC (BENZOATI & SALICILATI);NEGATIVO;FRUTTOSIO;SCHEDE;
FeCl3-CONC (BENZOATI & SALICILATI);NEGATIVO;MANNITOLO;SCHEDE;
FeCl3-CONC (BENZOATI & SALICILATI);NEGATIVO;SODIO CITRATO;SCHEDE;
FeCl3-CONC (BENZOATI & SALICILATI);POSITIVO;ACIDO SALICILICO;SCHEDE;
FeCl3-CONC (BENZOATI & SALICILATI);POSITIVO;SODIO BENZOATO;SCHEDE;PPT ROSA
FeCl3-CONC (BENZOATI & SALICILATI);POSITIVO;SODIO P-AMMINO SALICILATO;SCHEDE;
FeCl3-CONC (BENZOATI & SALICILATI);POSITIVO;SODIO SALICILATO;SCHEDE;
OSSIDAZIONE FEHLING;NEGATIVO;ACIDO ASCORBICO;DAZEBAO;SOLUZIONE MARRONE-ARANCIONE, PPT GIALLO-MARRONE (NON ROSSO-MATTONE)
OSSIDAZIONE FEHLING;NEGATIVO;ACIDO CITRICO;SCHEDE;
OSSIDAZIONE FEHLING;NEGATIVO;ACIDO TARTARICO;SCHEDE;
OSSIDAZIONE FEHLING;NEGATIVO;CALCIO GLICEROFOSFATO;;
OSSIDAZIONE FEHLING;NEGATIVO;PARACETAMOLO;SCHEDE;
OSSIDAZIONE FEHLING;NEGATIVO;PIRIDOSSINA HCl;SCHEDE;
OSSIDAZIONE FEHLING;NEGATIVO;PROCAINAMMIDE HCl;SCHEDE;
OSSIDAZIONE FEHLING;POSITIVO;CLORBUTANOLO;DAZEBAO;
OSSIDAZIONE FEHLING;POSITIVO;FRUTTOSIO;SCHEDE;PPT ROSSO
OSSIDAZIONE FEHLING;POSITIVO;ISONIAZIDE;;COLOR RAME
OSSIDAZIONE FEHLING;POSITIVO;LATTOSIO;DAZEBAO;COLORAZIONE ROSSA CON PPT
OSSIDAZIONE FEHLING;POSITIVO;MANNITOLO;DAZEBAO;POSITIVO SOLO DOPO H2O2. ROSSO-MATTONE
OSSIDAZIONE FEHLING;POSITIVO;SACCAROSIO;DAZEBAO;POSITIVO SOLO DOPO IDROLISI (PPT ROSSO)
OSSIDAZIONE FEHLING;POSITIVO;SORBITOLO;SCHEDE;POSITIVO SOLO DOPO H2O2. ROSSO SCURO
OSSIDAZIONE FEHLING;POSITIVO;SUCRALOSIO;SCHEDE;PPT ROSSO DOPO IDROLISI
FENTON: FeSO4 + H2O2 (TARTRATI);NEGATIVO;MANNITOLO;SCHEDE;
FENTON: FeSO4 + H2O2 (TARTRATI);NEGATIVO;POTASSIO SORBATO;SCHEDE;
FENTON: FeSO4 + H2O2 (TARTRATI);NEGATIVO;SODIO ACETATO;SCHEDE;
FENTON: FeSO4 + H2O2 (TARTRATI);NEGATIVO;SODIO CITRATO;SCHEDE;VERDE SCURO
FENTON: FeSO4 + H2O2 (TARTRATI);NEGATIVO;SUCRALOSIO;SCHEDE;
FENTON: FeSO4 + H2O2 (TARTRATI);POSITIVO;ACIDO TARTARICO;SCHEDE;
FENTON: FeSO4 + H2O2 (TARTRATI);POSITIVO;POTASSIO TARTRATO;DAZEBAO;ALL'AGGIUNTA DI H2O2 SI FORMA UN ANELLO MARRONCINO, SOPRA GIALLO. MESCOLANDO LA SOLUZIONE E' TUTTA GIALLA. ALL'AGGIUNTA DI NAOH SI HA COLORAZIONE VIOLA
FeSO4 & H2SO4 (NITRATI);NEGATIVO;ACIDO NICOTINICO;SCHEDE;
FeSO4 & H2SO4 (NITRATI);NEGATIVO;BENZOCAINA;SCHEDE;
FeSO4 & H2SO4 (NITRATI);NEGATIVO;CAFFEINA;DAZEBAO;
FeSO4 & H2SO4 (NITRATI);NEGATIVO;CALCIO PANTOTENATO;SCHEDE;
FeSO4 & H2SO4 (NITRATI);NEGATIVO;FENAZONE;SCHEDE;
FeSO4 & H2SO4 (NITRATI);NEGATIVO;FENILALANINA;SCHEDE;
FeSO4 & H2SO4 (NITRATI);NEGATIVO;METFORMINA HCl;;
FeSO4 & H2SO4 (NITRATI);NEGATIVO;NICOTINAMIDE;SCHEDE;
FeSO4 & H2SO4 (NITRATI);NEGATIVO;PROCAINA HCl;;
FeSO4 & H2SO4 (NITRATI);NEGATIVO;PROPIFENAZONE;SCHEDE;
FeSO4 & H2SO4 (NITRATI);POSITIVO;ECONAZOLO NITRATO;SCHEDE;ANELLO BRUNO
FILO Ni-Cr;NEGATIVO;ACIDO ASCORBICO;DAZEBAO;
FILO Ni-Cr;NEGATIVO;ACIDO CITRICO;SCHEDE;
FILO Ni-Cr;NEGATIVO;ACIDO NICOTINICO;DAZEBAO;
FILO Ni-Cr;NEGATIVO;ACIDO TARTARICO;SCHEDE;
FILO Ni-Cr;NEGATIVO;CLORBUTANOLO;SCHEDE;
FILO Ni-Cr;NEGATIVO;FRUTTOSIO;SCHEDE;
FILO Ni-Cr;NEGATIVO;FTALILSULFATIAZOLO;SCHEDE;
FILO Ni-Cr;NEGATIVO;LATTOSIO;SCHEDE;
FILO Ni-Cr;NEGATIVO;LIDOCAINA HCl;SCHEDE;
FILO Ni-Cr;NEGATIVO;MAGNESIO ASPARTATO;SCHEDE;
FILO Ni-Cr;NEGATIVO;MAGNESIO LATTATO;;
FILO Ni-Cr;NEGATIVO;PROPILPARABEN;SCHEDE;
FILO Ni-Cr;NEGATIVO;SUCRALOSIO;SCHEDE;
FILO Ni-Cr;NEGATIVO;SULFATIAZOLO;SCHEDE;
FILO Ni-Cr;NEGATIVO;TEOBROMINA;SCHEDE;
FILO Ni-Cr;POSITIVO;CALCIO GLICEROFOSFATO;SCHEDE;ARANCIO-ROSSO
FILO Ni-Cr;POSITIVO;CALCIO LATTATO;SCHEDE;ROSSO-MATTONE
FILO Ni-Cr;POSITIVO;CALCIO PANTOTENATO;SCHEDE;ROSSO-MATTONE
FILO Ni-Cr;POSITIVO;CLORAMINA T;;FIAMMA ARANCIONE PERSISTENTE
FILO Ni-Cr;POSITIVO;DESAMETASONE SODIO FOSFATO;SCHEDE;FIAMMA ARANCIONE PERSISTENTE
FILO Ni-Cr;POSITIVO;LITIO CITRATO;SCHEDE;ROSSO CARMINIO
FILO Ni-Cr;POSITIVO;POTASSIO ASPARTATO;;FIAMMA VIOLETTA
FILO Ni-Cr;POSITIVO;POTASSIO SORBATO;DAZEBAO;VIOLA
FILO Ni-Cr;POSITIVO;POTASSIO TARTRATO;DAZEBAO;VIOLA
FILO Ni-Cr;POSITIVO;SACCARINA SODICA;DAZEBAO;FIAMMA ARANCIONE PERSISTENTE
FILO Ni-Cr;POSITIVO;SODIO ACETATO;SCHEDE;GIALLO-ARANCIO PERSISTENTE
FILO Ni-Cr;POSITIVO;SODIO ASCORBATO;;GIALLO-ARANCIO
FILO Ni-Cr;POSITIVO;SODIO BENZOATO;SCHEDE;FIAMMA ARANCIONE PERSISTENTE
FILO Ni-Cr;POSITIVO;SODIO CITRATO;SCHEDE;GIALLO INTENSO - ARANCIONE
FILO Ni-Cr;POSITIVO;SODIO P-AMMINO SALICILATO;SCHEDE;FIAMMA GIALLO-ARANCIONE PERSISTENTE
FILO Ni-Cr;POSITIVO;SODIO SALICILATO;DAZEBAO;FIAMMA ARANCIONE PERSISTENTE
GIBBS (PIRIDOSSINA);NEGATIVO;NICOTINAMIDE;SCHEDE;DA VERIFICARE
GIBBS (PIRIDOSSINA);POSITIVO;PIRIDOSSINA HCl;DAZEBAO;COLORAZIONE VERDE-BLU
GRANDEZZE FISICHE (PUNTO FUSIONE);NEGATIVO;CALCIO GLICEROFOSFATO;;NON DETERMINATO (> 300°C)
GRANDEZZE FISICHE (PUNTO FUSIONE);NEGATIVO;TEOBROMINA;DAZEBAO;ENTRO 300°C NON FONDE
GRANDEZZE FISICHE (PUNTO FUSIONE);POSITIVO;ACETILCISTEINA;;106-108
GRANDEZZE FISICHE (PUNTO FUSIONE);POSITIVO;ACIDO ACETILSALICILICO;SCHEDE;135-140
GRANDEZZE FISICHE (PUNTO FUSIONE);POSITIVO;ACIDO ASCORBICO;SCHEDE;195-210 d
GRANDEZZE FISICHE (PUNTO FUSIONE);POSITIVO;ACIDO BENZOICO;SCHEDE;125
GRANDEZZE FISICHE (PUNTO FUSIONE);POSITIVO;ACIDO CITRICO;SCHEDE;"160; 157-160"
GRANDEZZE FISICHE (PUNTO FUSIONE);POSITIVO;ACIDO NICOTINICO;DAZEBAO;"235-240; 237; 240; 243"
GRANDEZZE FISICHE (PUNTO FUSIONE);POSITIVO;ACIDO SALICILICO;SCHEDE;163
GRANDEZZE FISICHE (PUNTO FUSIONE);POSITIVO;ACIDO SORBICO;SCHEDE;136
GRANDEZZE FISICHE (PUNTO FUSIONE);POSITIVO;ACIDO TARTARICO;DAZEBAO;INIZIA A FONDERE A 160°C
GRANDEZZE FISICHE (PUNTO FUSIONE);POSITIVO;BENZOCAINA;DAZEBAO;"90; 92; 90-93"
GRANDEZZE FISICHE (PUNTO FUSIONE);POSITIVO;CAFFEINA;SCHEDE;"235; 240; 239-242"
GRANDEZZE FISICHE (PUNTO FUSIONE);POSITIVO;CALCIO PANTOTENATO;SCHEDE;175-180 d
GRANDEZZE FISICHE (PUNTO FUSIONE);POSITIVO;CHINIDINA SOLFATO;SCHEDE;"INIZIA A FONDERE A 200; IMBRUNIMENTO"
GRANDEZZE FISICHE (PUNTO FUSIONE);POSITIVO;CHININA HCl;SCHEDE;115
GRANDEZZE FISICHE (PUNTO FUSIONE);POSITIVO;CHININA SOLFATO;DAZEBAO;230°C
GRANDEZZE FISICHE (PUNTO FUSIONE);POSITIVO;CISTEINA HCl;SCHEDE;"100; 123; 130"
GRANDEZZE FISICHE (PUNTO FUSIONE);POSITIVO;CLORALIO IDRATO;SCHEDE;"57; 60-65"
GRANDEZZE FISICHE (PUNTO FUSIONE);POSITIVO;CLORBUTANOLO;DAZEBAO;"80; 90; 95"
GRANDEZZE FISICHE (PUNTO FUSIONE);POSITIVO;CLORPROMAZINA HCl;DAZEBAO;"192; 195;196 d; 198"
GRANDEZZE FISICHE (PUNTO FUSIONE);POSITIVO;DAPSONE;DAZEBAO;"180; 180-183; 185"
GRANDEZZE FISICHE (PUNTO FUSIONE);POSITIVO;DIFENIDRAMINA HCl;SCHEDE;160-170
GRANDEZZE FISICHE (PUNTO FUSIONE);POSITIVO;ECONAZOLO NITRATO;SCHEDE;165
GRANDEZZE FISICHE (PUNTO FUSIONE);POSITIVO;EFEDRINA HCl;SCHEDE;220
GRANDEZZE FISICHE (PUNTO FUSIONE);POSITIVO;FENAZONE;DAZEBAO;"107; 110; 110-120"
GRANDEZZE FISICHE (PUNTO FUSIONE);POSITIVO;FENILALANINA;SCHEDE;"280; 283; 290; IMBRUNIMENTO A 200"
GRANDEZZE FISICHE (PUNTO FUSIONE);POSITIVO;FENILEFRINA HCl;;165
GRANDEZZE FISICHE (PUNTO FUSIONE);POSITIVO;FENOLO;SCHEDE;47
GRANDEZZE FISICHE (PUNTO FUSIONE);POSITIVO;FRUTTOSIO;SCHEDE;"122; 125; 130"
GRANDEZZE FISICHE (PUNTO FUSIONE);POSITIVO;FTALILSULFATIAZOLO;DAZEBAO;"260; 270; 272 d; 275 d"
GRANDEZZE FISICHE (PUNTO FUSIONE);POSITIVO;FUROSEMIDE;DAZEBAO;INTERVALLO FUSIONE: 205-213°C CON DECOMPOSIZIONE
GRANDEZZE FISICHE (PUNTO FUSIONE);POSITIVO;GLICINA;;230
GRANDEZZE FISICHE (PUNTO FUSIONE);POSITIVO;GLUCOSIO;;130-145
GRANDEZZE FISICHE (PUNTO FUSIONE);POSITIVO;IDROCLOROTIAZIDE;DAZEBAO;"270; 260-280°C CON DECOMPOSIZIONE (IMBRUNIMENTO)"
GRANDEZZE FISICHE (PUNTO FUSIONE);POSITIVO;IDROCORTISONE;DAZEBAO;INTERVALLO FUSIONE: 219-220°C
GRANDEZZE FISICHE (PUNTO FUSIONE);POSITIVO;IDROCORTISONE ACETATO;SCHEDE;220 d
GRANDEZZE FISICHE (PUNTO FUSIONE);POSITIVO;IMIPRAMINA HCl;;175
GRANDEZZE FISICHE (PUNTO FUSIONE);POSITIVO;INDOMETACINA;SCHEDE;160-164
GRANDEZZE FISICHE (PUNTO FUSIONE);POSITIVO;ISONIAZIDE;;177
GRANDEZZE FISICHE (PUNTO FUSIONE);POSITIVO;LATTOSIO;SCHEDE;"220; 223; 220-225"
GRANDEZZE FISICHE (PUNTO FUSIONE);POSITIVO;LEUCINA;;286
GRANDEZZE FISICHE (PUNTO FUSIONE);POSITIVO;LIDOCAINA HCl;DAZEBAO;"75; 76; 78; 80"
GRANDEZZE FISICHE (PUNTO FUSIONE);POSITIVO;LISINA HCl;DAZEBAO;INIZIALE IMBRUNIMENTO SEGUITO DA FUSIONE A 260°C
GRANDEZZE FISICHE (PUNTO FUSIONE);POSITIVO;MAGNESIO LATTATO;;44
GRANDEZZE FISICHE (PUNTO FUSIONE);POSITIVO;MANNITOLO;SCHEDE;"160-170; 170; 175; 170-180"
GRANDEZZE FISICHE (PUNTO FUSIONE);POSITIVO;METFORMINA HCl;;"225; 233"
GRANDEZZE FISICHE (PUNTO FUSIONE);POSITIVO;METILPARABEN;SCHEDE;"125; 128-135"
GRANDEZZE FISICHE (PUNTO FUSIONE);POSITIVO;METRONIDAZOLO;;165
GRANDEZZE FISICHE (PUNTO FUSIONE);POSITIVO;NICLOSAMIDE;SCHEDE;228-233
GRANDEZZE FISICHE (PUNTO FUSIONE);POSITIVO;NICOTINAMIDE;DAZEBAO;"120; 130; 130-135"
GRANDEZZE FISICHE (PUNTO FUSIONE);POSITIVO;PAPAVERINA HCl;DAZEBAO;229-235
GRANDEZZE FISICHE (PUNTO FUSIONE);POSITIVO;PARACETAMOLO;SCHEDE;180
GRANDEZZE FISICHE (PUNTO FUSIONE);POSITIVO;PIRIDOSSINA HCl;DAZEBAO;207°C. IMBRUNISCE
GRANDEZZE FISICHE (PUNTO FUSIONE);POSITIVO;PREDNISONE;SCHEDE;230-235
GRANDEZZE FISICHE (PUNTO FUSIONE);POSITIVO;PROBENECID;;197-202
GRANDEZZE FISICHE (PUNTO FUSIONE);POSITIVO;PROCAINA HCl;;155-160
GRANDEZZE FISICHE (PUNTO FUSIONE);POSITIVO;PROCAINAMMIDE HCl;SCHEDE;180
GRANDEZZE FISICHE (PUNTO FUSIONE);POSITIVO;PROGESTERONE;SCHEDE;130
GRANDEZZE FISICHE (PUNTO FUSIONE);POSITIVO;PROMETAZINA HCl;SCHEDE;"223 d; 220-225; 230 d (GIALLO-MARRONE)"
GRANDEZZE FISICHE (PUNTO FUSIONE);POSITIVO;PROPIFENAZONE;SCHEDE;"102-106; 107"
GRANDEZZE FISICHE (PUNTO FUSIONE);POSITIVO;PROPILPARABEN;SCHEDE;95-100
GRANDEZZE FISICHE (PUNTO FUSIONE);POSITIVO;SACCARINA;SCHEDE;230
GRANDEZZE FISICHE (PUNTO FUSIONE);POSITIVO;SACCAROSIO;DAZEBAO;"185; 200"
GRANDEZZE FISICHE (PUNTO FUSIONE);POSITIVO;SCOPOLAMINA HBr;;190
GRANDEZZE FISICHE (PUNTO FUSIONE);POSITIVO;SERINA;;215
GRANDEZZE FISICHE (PUNTO FUSIONE);POSITIVO;SODIO CITRATO;SCHEDE;>300
GRANDEZZE FISICHE (PUNTO FUSIONE);POSITIVO;SODIO P-AMMINO SALICILATO;SCHEDE;180 d (MARRONE)
GRANDEZZE FISICHE (PUNTO FUSIONE);POSITIVO;SODIO SALICILATO;SCHEDE;200
GRANDEZZE FISICHE (PUNTO FUSIONE);POSITIVO;SORBITOLO;SCHEDE;"90-95; 105"
GRANDEZZE FISICHE (PUNTO FUSIONE);POSITIVO;SPIRONOLATTONE;SCHEDE;"205; 207"
GRANDEZZE FISICHE (PUNTO FUSIONE);POSITIVO;SUCRALOSIO;DAZEBAO;"130; 140; 140-145"
GRANDEZZE FISICHE (PUNTO FUSIONE);POSITIVO;SULFADIAZINA;SCHEDE;"225; 235 d (MARRONE); 250"
GRANDEZZE FISICHE (PUNTO FUSIONE);POSITIVO;SULFAGUANIDINA;DAZEBAO;"193; 195"
GRANDEZZE FISICHE (PUNTO FUSIONE);POSITIVO;SULFAMERAZINA;DAZEBAO;"234 d GIALLO; 236; 239 d GIALLO"
GRANDEZZE FISICHE (PUNTO FUSIONE);POSITIVO;SULFAMETOSSIPIRIDAZINA;SCHEDE;181. LIQUIDO COLORAZIONE GIALLA
GRANDEZZE FISICHE (PUNTO FUSIONE);POSITIVO;SULFANILAMIDE;;162-166
GRANDEZZE FISICHE (PUNTO FUSIONE);POSITIVO;SULFATIAZOLO;DAZEBAO;"195; 200-205; 203-206; 205-215 d (MARRONE)"
GRANDEZZE FISICHE (PUNTO FUSIONE);POSITIVO;TEOFILLINA;;"272; 274-275; 277"
GRANDEZZE FISICHE (PUNTO FUSIONE);POSITIVO;TIAMINA HCl;DAZEBAO;FONDE A 250°C CON DECOMPOSIZIONE: DIVENTA GIALLO OCRA E MARRONE
GRANDEZZE FISICHE (PUNTO FUSIONE);POSITIVO;TIMOLO;;51
GRANDEZZE FISICHE (PUNTO FUSIONE);POSITIVO;TOLBUTAMIDE;;128
GRANDEZZE FISICHE (PUNTO FUSIONE);POSITIVO;TREONINA;;292
GRANDEZZE FISICHE (PUNTO FUSIONE);POSITIVO;TRIPTOFANO;;290-295d (IMBRUNIMENTO)
GRANDEZZE FISICHE (PUNTO FUSIONE);POSITIVO;VANILLINA;SCHEDE;147 MA IN F.U. RIPORTATO 81-84
H2SO4 & DILUIZIONE H2O (STEROIDI);POSITIVO;CORTISONE ACETATO;DAZEBAO;VERDE IN FLUORESCENZA
H2SO4 & DILUIZIONE H2O (STEROIDI);POSITIVO;IDROCORTISONE;DAZEBAO;FLUORESCENZA VERDE
H2SO4 & DILUIZIONE H2O (STEROIDI);POSITIVO;IDROCORTISONE ACETATO;SCHEDE;FLUORESCENZA VERDE
H2SO4 & DILUIZIONE H2O (STEROIDI);POSITIVO;PREDNISONE;SCHEDE;ROSSO-BRUNO PPT VERDE SCURO
H2SO4 & DILUIZIONE H2O (STEROIDI);POSITIVO;PROGESTERONE;SCHEDE;FLUORESCENZA
H2SO4 & DILUIZIONE H2O (STEROIDI);POSITIVO;SPIRONOLATTONE;SCHEDE;FLUORESCENZA
NaNO2 + H2SO4 (FENAZONE);POSITIVO;FENAZONE;DAZEBAO;COLORAZIONE AZZURRO-VERDE
H2SO4-DIL + FLUORESCENZA (ALC CHINOLINICI);POSITIVO;CHINIDINA SOLFATO;DAZEBAO;FLUORESCENZA AZZURRA CHE SPARISCE DOPO AGGIUNTA HCL-DIL
H2SO4-DIL + FLUORESCENZA (ALC CHINOLINICI);POSITIVO;CHININA HCl;SCHEDE;
H2SO4-DIL + FLUORESCENZA (ALC CHINOLINICI);POSITIVO;CHININA SOLFATO;SCHEDE;
HCl + BaCl2 (SOLFATI);NEGATIVO;SULFAGUANIDINA;;
HCl + BaCl2 (SOLFATI);POSITIVO;CHINIDINA SOLFATO;DAZEBAO;FORMAZIONE PPT BIANCO
MOLIBDICO & NH4OH (FOSFATI);POSITIVO;CALCIO GLICEROFOSFATO;SCHEDE;
HNO3-CONC (FENOTIAZINE);NEGATIVO;SACCARINA SODICA;SCHEDE;
HNO3-CONC (FENOTIAZINE);POSITIVO;CLORPROMAZINA HCl;DAZEBAO;COLORAZIONE ROSSA CON PPT
HNO3-CONC (FENOTIAZINE);POSITIVO;IMIPRAMINA HCl;;COLORAZIONE BLU
HNO3-CONC (FENOTIAZINE);POSITIVO;PROMETAZINA HCl;SCHEDE;ROSSO
HNO3 + AgNO3 (ACIDO ASCORBICO);POSITIVO;ACIDO ASCORBICO;DAZEBAO;
HNO3 + AgNO3 (ACIDO ASCORBICO);POSITIVO;SODIO ASCORBATO;;PPT GRIGIO ARGENTO
IDROSSILAMMINA (ESTERI & AMMIDI);NEGATIVO;FTALILSULFATIAZOLO;SCHEDE;
IDROSSILAMMINA (ESTERI & AMMIDI);POSITIVO;INDOMETACINA;SCHEDE;VIOLA INTENSO
IDROSSILAMMINA (ESTERI & AMMIDI);POSITIVO;NICOTINAMIDE;SCHEDE;
IDROSSILAMMINA (ESTERI & AMMIDI);POSITIVO;PROPILPARABEN;DAZEBAO;INTENSA COLORAZIONE VIOLA
IDROSSILAMMINA (ESTERI & AMMIDI);POSITIVO;TOLBUTAMIDE;;
OSSIDAZIONE KMnO4;NEGATIVO;ACIDO TANNICO;DAZEBAO;COLRAZIONE GIALLINA, NON DECOLORA
OSSIDAZIONE KMnO4;NEGATIVO;POTASSIO TARTRATO;SCHEDE;
OSSIDAZIONE KMnO4;POSITIVO;CHINIDINA SOLFATO;SCHEDE;
OSSIDAZIONE KMnO4;POSITIVO;POTASSIO SORBATO;DAZEBAO;DECOLORAZIONE E FORMAZIONE PPT MARRONE
LASSAIGNE:ALOGENI;NEGATIVO;ACIDO ACETILSALICILICO;SCHEDE;
LASSAIGNE:ALOGENI;NEGATIVO;ACIDO CITRICO;SCHEDE;
LASSAIGNE:ALOGENI;NEGATIVO;ACIDO SALICILICO;SCHEDE;
LASSAIGNE:ALOGENI;NEGATIVO;CALCIO GLICEROFOSFATO;SCHEDE;
LASSAIGNE:ALOGENI;NEGATIVO;CALCIO LATTATO;SCHEDE;
LASSAIGNE:ALOGENI;NEGATIVO;FENOLO;SCHEDE;
LASSAIGNE:ALOGENI;NEGATIVO;FRUTTOSIO;SCHEDE;
LASSAIGNE:ALOGENI;NEGATIVO;LATTOSIO;SCHEDE;
LASSAIGNE:ALOGENI;NEGATIVO;LITIO CITRATO;SCHEDE;
LASSAIGNE:ALOGENI;NEGATIVO;MAGNESIO LATTATO;;
LASSAIGNE:ALOGENI;NEGATIVO;MANNITOLO;SCHEDE;
LASSAIGNE:ALOGENI;NEGATIVO;METILPARABEN;SCHEDE;
LASSAIGNE:ALOGENI;NEGATIVO;POTASSIO SORBATO;SCHEDE;
LASSAIGNE:ALOGENI;NEGATIVO;POTASSIO TARTRATO;SCHEDE;
LASSAIGNE:ALOGENI;NEGATIVO;PREDNISONE;SCHEDE;
LASSAIGNE:ALOGENI;NEGATIVO;PROPILPARABEN;SCHEDE;
LASSAIGNE:ALOGENI;NEGATIVO;SODIO ASCORBATO;;
LASSAIGNE:ALOGENI;NEGATIVO;SODIO CITRATO;SCHEDE;
LASSAIGNE:ALOGENI;NEGATIVO;SODIO SALICILATO;SCHEDE;
LASSAIGNE:ALOGENI;NEGATIVO;SORBITOLO;SCHEDE;
LASSAIGNE:ALOGENI;NEGATIVO;TIMOLO;;
LASSAIGNE:ALOGENI;POSITIVO;CLORALIO IDRATO;SCHEDE;
LASSAIGNE:ALOGENI;POSITIVO;CLORBUTANOLO;SCHEDE;
LASSAIGNE:ALOGENI;POSITIVO;SUCRALOSIO;SCHEDE;
LASSAIGNE:AZOTO;NEGATIVO;ACIDO ACETILSALICILICO;SCHEDE;
LASSAIGNE:AZOTO;NEGATIVO;ACIDO ASCORBICO;SCHEDE;
LASSAIGNE:AZOTO;NEGATIVO;ACIDO BENZOICO;SCHEDE;
LASSAIGNE:AZOTO;NEGATIVO;ACIDO CITRICO;SCHEDE;
LASSAIGNE:AZOTO;NEGATIVO;ACIDO SALICILICO;SCHEDE;
LASSAIGNE:AZOTO;NEGATIVO;ACIDO SORBICO;SCHEDE;
LASSAIGNE:AZOTO;NEGATIVO;ACIDO TANNICO;SCHEDE;
LASSAIGNE:AZOTO;NEGATIVO;CALCIO GLICEROFOSFATO;SCHEDE;
LASSAIGNE:AZOTO;NEGATIVO;CALCIO LATTATO;SCHEDE;
LASSAIGNE:AZOTO;NEGATIVO;CLORALIO IDRATO;SCHEDE;
LASSAIGNE:AZOTO;NEGATIVO;CLORBUTANOLO;DAZEBAO;
LASSAIGNE:AZOTO;NEGATIVO;FENOLO;SCHEDE;
LASSAIGNE:AZOTO;NEGATIVO;FRUTTOSIO;SCHEDE;
LASSAIGNE:AZOTO;NEGATIVO;IDROCORTISONE;DAZEBAO;
LASSAIGNE:AZOTO;NEGATIVO;IDROCORTISONE ACETATO;SCHEDE;
LASSAIGNE:AZOTO;NEGATIVO;LATTOSIO;SCHEDE;
LASSAIGNE:AZOTO;NEGATIVO;LITIO CITRATO;SCHEDE;
LASSAIGNE:AZOTO;NEGATIVO;MAGNESIO LATTATO;;
LASSAIGNE:AZOTO;NEGATIVO;MANNITOLO;DAZEBAO;
LASSAIGNE:AZOTO;NEGATIVO;METILPARABEN;SCHEDE;
LASSAIGNE:AZOTO;NEGATIVO;POTASSIO SORBATO;SCHEDE;
LASSAIGNE:AZOTO;NEGATIVO;POTASSIO TARTRATO;SCHEDE;
LASSAIGNE:AZOTO;NEGATIVO;PREDNISONE;SCHEDE;
LASSAIGNE:AZOTO;NEGATIVO;PROPILPARABEN;SCHEDE;
LASSAIGNE:AZOTO;NEGATIVO;SODIO ASCORBATO;;
LASSAIGNE:AZOTO;NEGATIVO;SODIO CITRATO;SCHEDE;
LASSAIGNE:AZOTO;NEGATIVO;SODIO SALICILATO;DAZEBAO;
LASSAIGNE:AZOTO;NEGATIVO;SORBITOLO;SCHEDE;
LASSAIGNE:AZOTO;NEGATIVO;SPIRONOLATTONE;SCHEDE;
LASSAIGNE:AZOTO;NEGATIVO;SUCRALOSIO;SCHEDE;
LASSAIGNE:AZOTO;NEGATIVO;TIMOLO;;
LASSAIGNE:AZOTO;POSITIVO;ACETILCISTEINA;;
LASSAIGNE:AZOTO;POSITIVO;ACIDO NICOTINICO;DAZEBAO;SOLO ALLA FINE SAGGIO POSITIVO, DOPO AGGIUNTA FESO4 SOLUZIONE GIALLA E NON VERDE
LASSAIGNE:AZOTO;POSITIVO;ASPARTAME;SCHEDE;
LASSAIGNE:AZOTO;POSITIVO;BENZOCAINA;DAZEBAO;
LASSAIGNE:AZOTO;POSITIVO;CAFFEINA;DAZEBAO;
LASSAIGNE:AZOTO;POSITIVO;CAPTOPRIL;;
LASSAIGNE:AZOTO;POSITIVO;CHINIDINA SOLFATO;SCHEDE;
LASSAIGNE:AZOTO;POSITIVO;CHININA SOLFATO;SCHEDE;
LASSAIGNE:AZOTO;POSITIVO;CISTEINA HCl;SCHEDE;
LASSAIGNE:AZOTO;POSITIVO;CLORAMINA T;;
LASSAIGNE:AZOTO;POSITIVO;CLORPROMAZINA HCl;DAZEBAO;
LASSAIGNE:AZOTO;POSITIVO;DAPSONE;SCHEDE;
LASSAIGNE:AZOTO;POSITIVO;DIFENIDRAMINA HCl;SCHEDE;
LASSAIGNE:AZOTO;POSITIVO;ECONAZOLO NITRATO;SCHEDE;
LASSAIGNE:AZOTO;POSITIVO;EFEDRINA HCl;SCHEDE;
LASSAIGNE:AZOTO;POSITIVO;FENAZONE;SCHEDE;
LASSAIGNE:AZOTO;POSITIVO;FENILALANINA;SCHEDE;
LASSAIGNE:AZOTO;POSITIVO;FENILEFRINA HCl;SCHEDE;
LASSAIGNE:AZOTO;POSITIVO;FTALILSULFATIAZOLO;DAZEBAO;
LASSAIGNE:AZOTO;POSITIVO;FUROSEMIDE;SCHEDE;
LASSAIGNE:AZOTO;POSITIVO;IDROCLOROTIAZIDE;DAZEBAO;
LASSAIGNE:AZOTO;POSITIVO;INDOMETACINA;SCHEDE;
LASSAIGNE:AZOTO;POSITIVO;ISONIAZIDE;;
LASSAIGNE:AZOTO;POSITIVO;LEUCINA;;
LASSAIGNE:AZOTO;POSITIVO;LIDOCAINA HCl;SCHEDE;
LASSAIGNE:AZOTO;POSITIVO;MAGNESIO ASPARTATO;SCHEDE;
LASSAIGNE:AZOTO;POSITIVO;METFORMINA HCl;;
LASSAIGNE:AZOTO;POSITIVO;METIONINA;;
LASSAIGNE:AZOTO;POSITIVO;METRONIDAZOLO;;
LASSAIGNE:AZOTO;POSITIVO;NICOTINAMIDE;DAZEBAO;
LASSAIGNE:AZOTO;POSITIVO;PIRIDOSSINA HCl;;
LASSAIGNE:AZOTO;POSITIVO;POTASSIO ASPARTATO;;
LASSAIGNE:AZOTO;POSITIVO;PROCAINA HCl;;
LASSAIGNE:AZOTO;POSITIVO;PROCAINAMMIDE HCl;;
LASSAIGNE:AZOTO;POSITIVO;PROLINA;;
LASSAIGNE:AZOTO;POSITIVO;PROMETAZINA HCl;SCHEDE;
LASSAIGNE:AZOTO;POSITIVO;PROPIFENAZONE;SCHEDE;
LASSAIGNE:AZOTO;POSITIVO;SACCARINA;SCHEDE;
LASSAIGNE:AZOTO;POSITIVO;SACCARINA SODICA;SCHEDE;
LASSAIGNE:AZOTO;POSITIVO;SCOPOLAMINA HBr;;
LASSAIGNE:AZOTO;POSITIVO;SERINA;;
LASSAIGNE:AZOTO;POSITIVO;SODIO P-AMMINO SALICILATO;DAZEBAO;
LASSAIGNE:AZOTO;POSITIVO;SULFADIAZINA;SCHEDE;
LASSAIGNE:AZOTO;POSITIVO;SULFAGUANIDINA;DAZEBAO;
LASSAIGNE:AZOTO;POSITIVO;SULFAMERAZINA;SCHEDE;
LASSAIGNE:AZOTO;POSITIVO;SULFANILAMIDE;;
LASSAIGNE:AZOTO;POSITIVO;SULFATIAZOLO;DAZEBAO;
LASSAIGNE:AZOTO;POSITIVO;TEOBROMINA;DAZEBAO;
LASSAIGNE:AZOTO;POSITIVO;TEOFILLINA;;
LASSAIGNE:AZOTO;POSITIVO;TOLBUTAMIDE;;
LASSAIGNE:AZOTO;POSITIVO;TREONINA;;
LASSAIGNE:AZOTO;POSITIVO;TRIPTOFANO;;
LASSAIGNE:FOSFORO;NEGATIVO;IDROCORTISONE ACETATO;SCHEDE;
LASSAIGNE:FOSFORO;NEGATIVO;MAGNESIO ASPARTATO;SCHEDE;
LASSAIGNE:FOSFORO;NEGATIVO;SACCARINA SODICA;SCHEDE;
LASSAIGNE:FOSFORO;NEGATIVO;SODIO CITRATO;SCHEDE;
LASSAIGNE:ZOLFO;NEGATIVO;ACIDO ACETILSALICILICO;SCHEDE;
LASSAIGNE:ZOLFO;NEGATIVO;ACIDO ASCORBICO;SCHEDE;
LASSAIGNE:ZOLFO;NEGATIVO;ACIDO BENZOICO;SCHEDE;
LASSAIGNE:ZOLFO;NEGATIVO;ACIDO CITRICO;SCHEDE;
LASSAIGNE:ZOLFO;NEGATIVO;ACIDO NICOTINICO;DAZEBAO;
LASSAIGNE:ZOLFO;NEGATIVO;ACIDO SALICILICO;SCHEDE;
LASSAIGNE:ZOLFO;NEGATIVO;ACIDO SORBICO;SCHEDE;
LASSAIGNE:ZOLFO;NEGATIVO;ACIDO TANNICO;SCHEDE;
LASSAIGNE:ZOLFO;NEGATIVO;ASPARTAME;SCHEDE;
LASSAIGNE:ZOLFO;NEGATIVO;BENZOCAINA;DAZEBAO;
LASSAIGNE:ZOLFO;NEGATIVO;CAFFEINA;DAZEBAO;
LASSAIGNE:ZOLFO;NEGATIVO;CALCIO GLICEROFOSFATO;SCHEDE;
LASSAIGNE:ZOLFO;NEGATIVO;CALCIO LATTATO;SCHEDE;
LASSAIGNE:ZOLFO;NEGATIVO;CLORALIO IDRATO;SCHEDE;
LASSAIGNE:ZOLFO;NEGATIVO;CLORAMINA T;;
LASSAIGNE:ZOLFO;NEGATIVO;CLORBUTANOLO;DAZEBAO;
LASSAIGNE:ZOLFO;NEGATIVO;DIFENIDRAMINA HCl;SCHEDE;
LASSAIGNE:ZOLFO;NEGATIVO;ECONAZOLO NITRATO;SCHEDE;
LASSAIGNE:ZOLFO;NEGATIVO;EFEDRINA HCl;SCHEDE;
LASSAIGNE:ZOLFO;NEGATIVO;FENAZONE;SCHEDE;
LASSAIGNE:ZOLFO;NEGATIVO;FENILALANINA;SCHEDE;
LASSAIGNE:ZOLFO;NEGATIVO;FENILEFRINA HCl;SCHEDE;
LASSAIGNE:ZOLFO;NEGATIVO;FENOLO;SCHEDE;
LASSAIGNE:ZOLFO;NEGATIVO;FRUTTOSIO;SCHEDE;
LASSAIGNE:ZOLFO;NEGATIVO;IDROCORTISONE;DAZEBAO;
LASSAIGNE:ZOLFO;NEGATIVO;IDROCORTISONE ACETATO;SCHEDE;
LASSAIGNE:ZOLFO;NEGATIVO;INDOMETACINA;SCHEDE;
LASSAIGNE:ZOLFO;NEGATIVO;ISONIAZIDE;;
LASSAIGNE:ZOLFO;NEGATIVO;LATTOSIO;SCHEDE;
LASSAIGNE:ZOLFO;NEGATIVO;LEUCINA;;
LASSAIGNE:ZOLFO;NEGATIVO;LIDOCAINA HCl;SCHEDE;
LASSAIGNE:ZOLFO;NEGATIVO;LITIO CITRATO;SCHEDE;
LASSAIGNE:ZOLFO;NEGATIVO;MAGNESIO ASPARTATO;SCHEDE;
LASSAIGNE:ZOLFO;NEGATIVO;MAGNESIO LATTATO;;
LASSAIGNE:ZOLFO;NEGATIVO;MANNITOLO;DAZEBAO;
LASSAIGNE:ZOLFO;NEGATIVO;METFORMINA HCl;;
LASSAIGNE:ZOLFO;NEGATIVO;METILPARABEN;SCHEDE;
LASSAIGNE:ZOLFO;NEGATIVO;METRONIDAZOLO;;
LASSAIGNE:ZOLFO;NEGATIVO;NICOTINAMIDE;DAZEBAO;
LASSAIGNE:ZOLFO;NEGATIVO;PIRIDOSSINA HCl;;
LASSAIGNE:ZOLFO;NEGATIVO;POTASSIO ASPARTATO;;
LASSAIGNE:ZOLFO;NEGATIVO;POTASSIO SORBATO;SCHEDE;
LASSAIGNE:ZOLFO;NEGATIVO;POTASSIO TARTRATO;SCHEDE;
LASSAIGNE:ZOLFO;NEGATIVO;PREDNISONE;SCHEDE;
LASSAIGNE:ZOLFO;NEGATIVO;PROCAINA HCl;;
LASSAIGNE:ZOLFO;NEGATIVO;PROCAINAMMIDE HCl;;
LASSAIGNE:ZOLFO;NEGATIVO;PROLINA;;
LASSAIGNE:ZOLFO;NEGATIVO;PROPIFENAZONE;SCHEDE;
LASSAIGNE:ZOLFO;NEGATIVO;PROPILPARABEN;SCHEDE;
LASSAIGNE:ZOLFO;NEGATIVO;SCOPOLAMINA HBr;;
LASSAIGNE:ZOLFO;NEGATIVO;SERINA;;
LASSAIGNE:ZOLFO;NEGATIVO;SODIO ASCORBATO;;
LASSAIGNE:ZOLFO;NEGATIVO;SODIO CITRATO;SCHEDE;
LASSAIGNE:ZOLFO;NEGATIVO;SODIO P-AMMINO SALICILATO;DAZEBAO;
LASSAIGNE:ZOLFO;NEGATIVO;SODIO SALICILATO;DAZEBAO;
LASSAIGNE:ZOLFO;NEGATIVO;SORBITOLO;SCHEDE;
LASSAIGNE:ZOLFO;NEGATIVO;SUCRALOSIO;SCHEDE;
LASSAIGNE:ZOLFO;NEGATIVO;TEOBROMINA;DAZEBAO;
LASSAIGNE:ZOLFO;NEGATIVO;TEOFILLINA;;
LASSAIGNE:ZOLFO;NEGATIVO;TIMOLO;;
LASSAIGNE:ZOLFO;NEGATIVO;TREONINA;;
LASSAIGNE:ZOLFO;NEGATIVO;TRIPTOFANO;;
LASSAIGNE:ZOLFO;POSITIVO;ACETILCISTEINA;;
LASSAIGNE:ZOLFO;POSITIVO;CAPTOPRIL;;
LASSAIGNE:ZOLFO;POSITIVO;CHINIDINA SOLFATO;SCHEDE;
LASSAIGNE:ZOLFO;POSITIVO;CHININA SOLFATO;SCHEDE;
LASSAIGNE:ZOLFO;POSITIVO;CISTEINA HCl;SCHEDE;
LASSAIGNE:ZOLFO;POSITIVO;CLORPROMAZINA HCl;DAZEBAO;
LASSAIGNE:ZOLFO;POSITIVO;DAPSONE;SCHEDE;
LASSAIGNE:ZOLFO;POSITIVO;FTALILSULFATIAZOLO;DAZEBAO;
LASSAIGNE:ZOLFO;POSITIVO;FUROSEMIDE;SCHEDE;
LASSAIGNE:ZOLFO;POSITIVO;IDROCLOROTIAZIDE;DAZEBAO;
LASSAIGNE:ZOLFO;POSITIVO;METIONINA;;
LASSAIGNE:ZOLFO;POSITIVO;PROMETAZINA HCl;SCHEDE;
LASSAIGNE:ZOLFO;POSITIVO;SACCARINA;SCHEDE;
LASSAIGNE:ZOLFO;POSITIVO;SACCARINA SODICA;SCHEDE;
LASSAIGNE:ZOLFO;POSITIVO;SPIRONOLATTONE;SCHEDE;
LASSAIGNE:ZOLFO;POSITIVO;SULFADIAZINA;SCHEDE;
LASSAIGNE:ZOLFO;POSITIVO;SULFAGUANIDINA;DAZEBAO;
LASSAIGNE:ZOLFO;POSITIVO;SULFAMERAZINA;SCHEDE;
LASSAIGNE:ZOLFO;POSITIVO;SULFANILAMIDE;;
LASSAIGNE:ZOLFO;POSITIVO;SULFATIAZOLO;DAZEBAO;
LASSAIGNE:ZOLFO;POSITIVO;TOLBUTAMIDE;;
LIEBERMANN (FENOLI p-LIBERA);POSITIVO;SODIO SALICILATO;;CON H2SO4 DIL COLORE GIALLO, CON H2SO4 CONC COLORE ROSSO-BRUNO
LIEBERMANN (FENOLI p-LIBERA);POSITIVO;TIMOLO;;
AMMINE TERZIARIE (MAYER);NEGATIVO;BENZOCAINA;DAZEBAO;
AMMINE TERZIARIE (MAYER);NEGATIVO;FENAZONE;;INCOLORE
AMMINE TERZIARIE (MAYER);NEGATIVO;FENOTIAZINA;DAZEBAO;
AMMINE TERZIARIE (MAYER);NEGATIVO;ISONIAZIDE;;
AMMINE TERZIARIE (MAYER);NEGATIVO;METFORMINA HCl;;
AMMINE TERZIARIE (MAYER);POSITIVO;CHININA SOLFATO;DAZEBAO;
AMMINE TERZIARIE (MAYER);POSITIVO;LIDOCAINA HCl;DAZEBAO;PPT CREMA
AMMINE TERZIARIE (MAYER);POSITIVO;PROBENECID;;
AMMINE TERZIARIE (MAYER);POSITIVO;PROCAINA HCl;;
AMMINE TERZIARIE (MAYER);POSITIVO;PROCAINAMMIDE HCl;;
MILLON (FENOLI p-OCCUPATA);NEGATIVO;NICOTINAMIDE;DAZEBAO;NON SI OSSERVA COLORAZIONE ROSSO-VIOLA
MILLON (FENOLI p-OCCUPATA);POSITIVO;METILPARABEN;;PPT GIALLO CON ANELLO ROSA
MILLON (FENOLI p-OCCUPATA);POSITIVO;PARACETAMOLO;SCHEDE;ROSSO
MILLON (FENOLI p-OCCUPATA);POSITIVO;PROPILPARABEN;DAZEBAO;
MILLON (FENOLI p-OCCUPATA);POSITIVO;TIMOLO;;FORSE FALSO POSITIVO?
MILLON (FENOLI p-OCCUPATA);POSITIVO;VANILLINA;SCHEDE;VIOLA SCURO
MOHLER (LATTATI E TARTRATI);NEGATIVO;CALCIO GLICEROFOSFATO;SCHEDE;
MOHLER (LATTATI E TARTRATI);NEGATIVO;MANNITOLO;DAZEBAO;ALLA FIAMMA (IN CAPSULA) SI FORMA COLORAZIONE MARRONE SCURO
MOHLER (LATTATI E TARTRATI);NEGATIVO;POTASSIO SORBATO;DAZEBAO;ALLA FIAMMA (IN CAPSULA) SI FORMA COLORAZIONE SCURA (QUASI NERA)
MOHLER (LATTATI E TARTRATI);POSITIVO;MAGNESIO LATTATO;;ROSSO INTENSO
MOHLER (LATTATI E TARTRATI);POSITIVO;POTASSIO TARTRATO;DAZEBAO;ALLA FIAMMA (IN CAPSULA) SI FORMA COLORAZIONE ROSSA
MOLISCH (CARBOIDRATI);NEGATIVO;CALCIO GLICEROFOSFATO;SCHEDE;
MOLISCH (CARBOIDRATI);NEGATIVO;CLORBUTANOLO;DAZEBAO;APPARENTEMENTE SEMBRA SAGGIO POSITIVO PERCHE' SI FORMA ANELLO VIOLA E VERDE, MA SENZA FASE SOTTO L'ANELLO
MOLISCH (CARBOIDRATI);NEGATIVO;NICOTINAMIDE;DAZEBAO;
MOLISCH (CARBOIDRATI);POSITIVO;FRUTTOSIO;SCHEDE;ANELLO VIOLA
MOLISCH (CARBOIDRATI);POSITIVO;LATTOSIO;DAZEBAO;SI FORMA ANELLO VIOLA INTENSO
MOLISCH (CARBOIDRATI);POSITIVO;MANNITOLO;DAZEBAO;SI FORMA ANELLO VERDE-VIOLACEO
MOLISCH (CARBOIDRATI);POSITIVO;SACCAROSIO;SCHEDE;ANELLO VIOLA
MOLISCH (CARBOIDRATI);POSITIVO;SORBITOLO;SCHEDE;ANELLO VERDE
MOLISCH (CARBOIDRATI);POSITIVO;SUCRALOSIO;SCHEDE;ANELLO VIOLA
MURESSIDE (XANTINE);NEGATIVO;FENAZONE;SCHEDE;
MURESSIDE (XANTINE);NEGATIVO;GLICINA;;
MURESSIDE (XANTINE);NEGATIVO;IMIPRAMINA HCl;;
MURESSIDE (XANTINE);NEGATIVO;LIDOCAINA HCl;SCHEDE;
MURESSIDE (XANTINE);NEGATIVO;MANNITOLO;SCHEDE;
MURESSIDE (XANTINE);POSITIVO;CAFFEINA;DAZEBAO;ROSSO-PORPORA
MURESSIDE (XANTINE);POSITIVO;TEOBROMINA;DAZEBAO;COLORAZIONE FINALE ROSSO-PORPORA
MURESSIDE (XANTINE);POSITIVO;TEOFILLINA;;
NH4OH & Na2HPO4 (MAGNESIO);NEGATIVO;CALCIO GLICEROFOSFATO;SCHEDE;
NH4OH & Na2HPO4 (MAGNESIO);NEGATIVO;CALCIO LATTATO;SCHEDE;
NH4OH & Na2HPO4 (MAGNESIO);NEGATIVO;LATTOSIO;SCHEDE;
NH4OH & Na2HPO4 (MAGNESIO);NEGATIVO;SODIO ACETATO;SCHEDE;
NH4OH & Na2HPO4 (MAGNESIO);POSITIVO;MAGNESIO ASPARTATO;SCHEDE;
NH4OH & Na2HPO4 (MAGNESIO);POSITIVO;MAGNESIO LATTATO;;SOLUZIONE GELATINOSA CON RESIDUI BIANCHI
NH4OH B.M. (LATTOSIO);NEGATIVO;SACCAROSIO;SCHEDE;
NH4OH B.M. (LATTOSIO);POSITIVO;LATTOSIO;DAZEBAO;COLORAZIONE ARANCIONE CHIARO CHE DIVENTA ROSSO SBIADITO. INTENSO DOPO TANTI MINUTI A B.M.
NINIDRINA (AMINOACIDI);NEGATIVO;ACIDO NICOTINICO;SCHEDE;
NINIDRINA (AMINOACIDI);NEGATIVO;CAFFEINA;DAZEBAO;
NINIDRINA (AMINOACIDI);NEGATIVO;CALCIO PANTOTENATO;SCHEDE;
NINIDRINA (AMINOACIDI);NEGATIVO;CLORPROMAZINA HCl;DAZEBAO;
NINIDRINA (AMINOACIDI);NEGATIVO;EFEDRINA HCl;;VIOLETTO PALLIDO
NINIDRINA (AMINOACIDI);NEGATIVO;FENAZONE;SCHEDE;
NINIDRINA (AMINOACIDI);NEGATIVO;FTALILSULFATIAZOLO;SCHEDE;
NINIDRINA (AMINOACIDI);NEGATIVO;IDROCLOROTIAZIDE;DAZEBAO;
NINIDRINA (AMINOACIDI);NEGATIVO;IMIPRAMINA HCl;;
NINIDRINA (AMINOACIDI);NEGATIVO;METFORMINA HCl;;
NINIDRINA (AMINOACIDI);NEGATIVO;METRONIDAZOLO;;
NINIDRINA (AMINOACIDI);NEGATIVO;NICOTINAMIDE;SCHEDE;
NINIDRINA (AMINOACIDI);NEGATIVO;PARACETAMOLO;SCHEDE;
NINIDRINA (AMINOACIDI);NEGATIVO;PIRIDOSSINA HCl;SCHEDE;
NINIDRINA (AMINOACIDI);NEGATIVO;PROCAINAMMIDE HCl;SCHEDE;
NINIDRINA (AMINOACIDI);NEGATIVO;PROMETAZINA HCl;SCHEDE;
NINIDRINA (AMINOACIDI);NEGATIVO;PROPIFENAZONE;SCHEDE;
NINIDRINA (AMINOACIDI);NEGATIVO;SODIO P-AMMINO SALICILATO;SCHEDE;COLORAZIONE GIALLO-ARANCIO
NINIDRINA (AMINOACIDI);NEGATIVO;SULFAGUANIDINA;DAZEBAO;
NINIDRINA (AMINOACIDI);NEGATIVO;TIAMINA HCl;SCHEDE;
NINIDRINA (AMINOACIDI);POSITIVO;ASPARTAME;SCHEDE;VIOLA INTENSO
NINIDRINA (AMINOACIDI);POSITIVO;CISTEINA HCl;DAZEBAO;FORMAZIONE BOLLICINE IN PROVETTA DURANTE RISCALDAMENTO A B.M.
NINIDRINA (AMINOACIDI);POSITIVO;FENILALANINA;SCHEDE;BLU-VIOLA
NINIDRINA (AMINOACIDI);POSITIVO;GLICINA;;
NINIDRINA (AMINOACIDI);POSITIVO;LEUCINA;;
NINIDRINA (AMINOACIDI);POSITIVO;METIONINA;;
NINIDRINA (AMINOACIDI);POSITIVO;METIONINA;;
NINIDRINA (AMINOACIDI);POSITIVO;POTASSIO ASPARTATO;;COLORAZIONE VIOLA INTENSA
NINIDRINA (AMINOACIDI);POSITIVO;PROLINA;;PRIMA GIALLO POI VERDE
NINIDRINA (AMINOACIDI);POSITIVO;SERINA;;
NINIDRINA (AMINOACIDI);POSITIVO;SERINA;;
NINIDRINA (AMINOACIDI);POSITIVO;TREONINA;;
NINIDRINA (AMINOACIDI);POSITIVO;TRIPTOFANO;;
ORGANOLETTICA;POSITIVO;ACIDO TANNICO;SCHEDE;COLORE LEGGERMENTE ROSATO
ORGANOLETTICA;POSITIVO;CLORAMINA T;;ODORE PUNGENTE
ORGANOLETTICA;POSITIVO;MAGNESIO LATTATO;;ODORE SGRADEVOLE
ORGANOLETTICA;POSITIVO;SODIO ACETATO;DAZEBAO;ODORE DI ACETO SI SENTE BENE DOPO LA FIAMMA
ORGANOLETTICA;POSITIVO;TIMOLO;;ODORE PARTICOLARE
OSSALATO AMMONIO (CALCIO);NEGATIVO;LATTOSIO;SCHEDE;
OSSALATO AMMONIO (CALCIO);NEGATIVO;POTASSIO SORBATO;DAZEBAO;APPARENTEMENTE POSITIVO PER VIA DELLA SCARSA SOLUBILITA IN ACIDO ACETICO (SOSTANZA NON DISCIOLTA SEMBRA PPT). SE SCIOLTO BENE SMINUZZANDO LA SOSTANZA IL SAGGIO VIENE NEGATIVO
OSSALATO AMMONIO (CALCIO);POSITIVO;CALCIO GLICEROFOSFATO;SCHEDE;PPT BIANCO
OSSALATO AMMONIO (CALCIO);POSITIVO;CALCIO LATTATO;SCHEDE;PPT BIANCO
PROVA AL COCCIO;POSITIVO;ACIDO ACETILSALICILICO;SCHEDE;FONDE E POI BRUCIA
PROVA AL COCCIO;POSITIVO;ACIDO ASCORBICO;DAZEBAO;CARBONIZZA SENZA RIGONFIAMENTO
PROVA AL COCCIO;POSITIVO;ACIDO CITRICO;SCHEDE;FONDE (GIALLO) E CARBONIZZA CON RESIDUO
PROVA AL COCCIO;POSITIVO;ACIDO NICOTINICO;DAZEBAO;CARBONIZZA COMPLETAMENTE DOPO 1 MIN, POCO RESIDUO
PROVA AL COCCIO;POSITIVO;ACIDO SALICILICO;SCHEDE;FONDE
PROVA AL COCCIO;POSITIVO;ACIDO SORBICO;SCHEDE;CARBONIZZA
PROVA AL COCCIO;POSITIVO;ACIDO TANNICO;SCHEDE;CARBONIZZA DOPO UN PO' DI TEMPO
PROVA AL COCCIO;POSITIVO;ASPARTAME;SCHEDE;SI SCIOGLIE CON RESIDUO GIALLO
PROVA AL COCCIO;POSITIVO;BENZOCAINA;DAZEBAO;FORMA BOLLE, FONDE COMPLETAMENTE E POI EVAPORA. ATTENZIONE A NON CONFONDERE CON SUBLIMAZIONE
PROVA AL COCCIO;POSITIVO;CAFFEINA;DAZEBAO;SUBLIMA
PROVA AL COCCIO;POSITIVO;CALCIO GLICEROFOSFATO;DAZEBAO;SI SCURISCE LEGGERMENTE (MARRONE/GRIGIO) MA NON CARBONIZZA IN MODO OMOGENEO (PRIMA IN PARTE POI DEL TUTTO)
PROVA AL COCCIO;POSITIVO;CALCIO LATTATO;DAZEBAO;RIGONFIAMENTO E POSSIBILE CAMBIAMENTO COLORE (GIALLO). POI CARBONIZZA
PROVA AL COCCIO;POSITIVO;CALCIO PANTOTENATO;SCHEDE;FONDE E POI CARBONIZZA
PROVA AL COCCIO;POSITIVO;CAPTOPRIL;;FONDE, CAMBIA COLORE (GIALLO) E CARBONIZZA TOTALMENTE
PROVA AL COCCIO;POSITIVO;CHINIDINA SOLFATO;DAZEBAO;CARBONIZZA CON FORMAZIONE DI PICCOLE BOLLICINE
PROVA AL COCCIO;POSITIVO;CHININA HCl;SCHEDE;CARBONIZZA CON RESIDUO
PROVA AL COCCIO;POSITIVO;CHININA SOLFATO;DAZEBAO;CARBONIZZA CON ODORE SGRADEVOLE (AMMINA)
PROVA AL COCCIO;POSITIVO;CISTEINA HCl;SCHEDE;INIZIO CAMBIA COLORE (GIALLO) POI CARBONIZZA E RIGONFIA LEGGERMENTE
PROVA AL COCCIO;POSITIVO;CLORALIO IDRATO;SCHEDE;FONDE LASCIANDO RESIDUO NERO
PROVA AL COCCIO;POSITIVO;CLORAMINA T;;CAMBIA COLORE (ARANCIONE), RIGONFIA, CARBONIZZA E RIMANE RESIDUO
PROVA AL COCCIO;POSITIVO;CLORBUTANOLO;DAZEBAO;FONDE ED EVAPORA. SI OSSERVANO FIAMME VERDI AI BORDI
PROVA AL COCCIO;POSITIVO;CLOROCHINA BIFOSFATO;SCHEDE;FONDE, DIVENTA ROSSA, SI INFIAMMA E POI CARBONIZA RIGONFIANDO
PROVA AL COCCIO;POSITIVO;CLORPROMAZINA HCl;DAZEBAO;FONDE CON COLORAZIONE GIALLA E POI EVAPORA COMPLETAMENTE
PROVA AL COCCIO;POSITIVO;CORTISONE ACETATO;DAZEBAO;INIZIALMENTE FONDE E PRENDE COLORE GIALLO
PROVA AL COCCIO;POSITIVO;DAPSONE;DAZEBAO;FONDE DIVENTANDO GIALLO E RIGONFIA CARBONIZZANDO
PROVA AL COCCIO;POSITIVO;DESAMETASONE SODIO FOSFATO;SCHEDE;FONDE IN MODO NON OMOGENEO AL CENTRO CARBONIZZA PIU LENTAMENTE
PROVA AL COCCIO;POSITIVO;ECONAZOLO NITRATO;SCHEDE;SI SCIOGLIE CON COLORE GIALLO E POI CARBONIZZA
PROVA AL COCCIO;POSITIVO;EFEDRINA HCl;SCHEDE;RESIDUO SCURO
PROVA AL COCCIO;POSITIVO;FENAZONE;SCHEDE;FONDE, SI INFIAMMA E POI EVAPORA COMPLETAMENTE
PROVA AL COCCIO;POSITIVO;FENILALANINA;SCHEDE;FONDE, CAMBIANDO COLORE, E POI CARBONIZZA
PROVA AL COCCIO;POSITIVO;FENILEFRINA HCl;SCHEDE;CARBONIZZA
PROVA AL COCCIO;POSITIVO;FENOLO;SCHEDE;SI INFIAMMA E CARBONIZZA
PROVA AL COCCIO;POSITIVO;FRUTTOSIO;DAZEBAO;FA BOLLE, DIVENTA GIALLINO POI CARBONIZZA LASCIANDO RESIDUO NERO
PROVA AL COCCIO;POSITIVO;FTALILSULFATIAZOLO;DAZEBAO;CARBONIZZA CON LEGGERO RIGONFIAMENTO
PROVA AL COCCIO;POSITIVO;FUROSEMIDE;DAZEBAO;CARBONIZZA CON RESIDUO NERO E LEGGERO RIGONFIAMENTO
PROVA AL COCCIO;POSITIVO;GLICINA;;CARBONIZZA COMPLETAMENTE
PROVA AL COCCIO;POSITIVO;GLUCOSIO;;CARAMELLIZZA CON RESIDUO CARBONIOSO
PROVA AL COCCIO;POSITIVO;IDROCLOROTIAZIDE;DAZEBAO;RIGONFIA, FORMA BOLLICINE E POI CARBONIZZA
PROVA AL COCCIO;POSITIVO;IDROCORTISONE;DAZEBAO;INIZIALMENTE SEMBRA SUBLIMARE, POI SI FORMA UNA MACCHIA GIALLA
PROVA AL COCCIO;POSITIVO;IDROCORTISONE ACETATO;SCHEDE;FONDE DIVENTANDO GIALLOGNOLA POI CARBONIZZA CON RESIDUO
PROVA AL COCCIO;POSITIVO;IMIPRAMINA HCl;;FONDE E POI EVAPORA LASCIANDO ALONE GIALLO-MARRONE
PROVA AL COCCIO;POSITIVO;ISONIAZIDE;;FORMA BOLLE, POI LIQUIDO GIALLO CHE SI INFIAMMA
PROVA AL COCCIO;POSITIVO;LATTOSIO;DAZEBAO;CARAMELLIZZA, RIGONFIA, LASCIANDO RESIDUO CARBONIOSO NERO
PROVA AL COCCIO;POSITIVO;LEUCINA;;FONDE E CARBONIZZA
PROVA AL COCCIO;POSITIVO;LIDOCAINA HCl;DAZEBAO;FONDE COMPLETAMENTE SENZA LASCIARE RESIDUO, NON CONFONDERE CON SUBLIMAZIONE
PROVA AL COCCIO;POSITIVO;LISINA HCl;SCHEDE;RESIDUO NERO
PROVA AL COCCIO;POSITIVO;LITIO CITRATO;SCHEDE;FONDE MA RESTA RESIDUO
PROVA AL COCCIO;POSITIVO;MAGNESIO ASPARTATO;SCHEDE;CARBONIZZA SOLO IN PARTE, CON RESIDUO BIANCO-GIALLO
PROVA AL COCCIO;POSITIVO;MAGNESIO LATTATO;;COMBUSTIONE NON COMPLETA, POSSIBILE CAMBIAMENTO DI COLORE, BIANCO-GRIGIO
PROVA AL COCCIO;POSITIVO;MANNITOLO;SCHEDE;FONDE VELOCEMENTE ED EVAPORA SENZA RESIDUO. CARAMELLIZZA
PROVA AL COCCIO;POSITIVO;METFORMINA HCl;;CARBONIZZA, CON FORMAZIONE PICCOLE BOLLE
PROVA AL COCCIO;POSITIVO;METILPARABEN;SCHEDE;CARBONIZZA
PROVA AL COCCIO;POSITIVO;METIONINA;;CARBONIZZA COMPLETAMENTE
PROVA AL COCCIO;POSITIVO;METRONIDAZOLO;;FONDE, COLORAZIONE GIALLA, CARBONIZZA
PROVA AL COCCIO;POSITIVO;NICLOSAMIDE;SCHEDE;SI SCIOGLIE SCURENDOSI POI EVAPORA CON ODORE SGRADEVOLE LASCIANDO MACCHIA MARRONE
PROVA AL COCCIO;POSITIVO;NICOTINAMIDE;DAZEBAO;FONDE, COLORAZIONE GIALLA, SI INFIAMMA POI CARBONIZZA
PROVA AL COCCIO;POSITIVO;POTASSIO SORBATO;DAZEBAO;"CARBONIZZA CON  RIGONFIAMENTO; RESIDUO GRIGIO"
PROVA AL COCCIO;POSITIVO;POTASSIO TARTRATO;DAZEBAO;CARBONIZZA RIGONFIANDO. RESIDUO SCURO
PROVA AL COCCIO;POSITIVO;PREDNISONE;SCHEDE;CARBONIZZA CON RESIDUO
PROVA AL COCCIO;POSITIVO;PROCAINA HCl;;CARBONIZZA
PROVA AL COCCIO;POSITIVO;PROCAINAMMIDE HCl;SCHEDE;FONDE, DIVENTA GIALLA POI BRUCIA
PROVA AL COCCIO;POSITIVO;PROGESTERONE;DAZEBAO;INIZIALMENTE FONDE, POI CARBONIZZA ED INFINE SCOMPARE
PROVA AL COCCIO;POSITIVO;PROLINA;;FONDE E POI EVAPORA LASCIANDO ALONE MARRONE-NERO
PROVA AL COCCIO;POSITIVO;PROMETAZINA HCl;DAZEBAO;SI SCIOGLIE ALL'ISTANTE, CARBONIZZA ED EVAPORALASCIANDO POCO RESIDUO NERO
PROVA AL COCCIO;POSITIVO;PROPIFENAZONE;SCHEDE;FONDE, SI INFIAMMA E POI RIMANE ALONE BRUNO
PROVA AL COCCIO;POSITIVO;PROPILPARABEN;SCHEDE;FONDE ED EVAPORA QUASI COMPLETAMENTE. NON SI NOTA BENE LA CARBONIZZAZIONE
PROVA AL COCCIO;POSITIVO;SACCARINA;SCHEDE;FONDE COMPLETAMENTE
PROVA AL COCCIO;POSITIVO;SACCARINA SODICA;DAZEBAO;CARBONIZZA DOPO UN PO' DI TEMPO LASCIANDO RESIDUO GRIGIO
PROVA AL COCCIO;POSITIVO;SACCAROSIO;SCHEDE;LASCIA RESIDUO CARBONIOSO
PROVA AL COCCIO;POSITIVO;SCOPOLAMINA HBr;;RIGONFIA CON RESIDUO NERO
PROVA AL COCCIO;POSITIVO;SERINA;;CARBONIZZA E RIGONFIA
PROVA AL COCCIO;POSITIVO;SODIO ACETATO;SCHEDE;LIQUEFAZIONE SEGUITA DA CARBONIZZAZIONE, RESIDUO GRIGIO-NERO
PROVA AL COCCIO;POSITIVO;SODIO ASCORBATO;;CARBONIZZA SUBITO E SI RIGONFIA
PROVA AL COCCIO;POSITIVO;SODIO BENZOATO;DAZEBAO;SI SCIOGLIE, DIVENTA NERO E RIGONFIA LEGGERMENTE, RIMANGONO RESIDUI PIU CHIARI
PROVA AL COCCIO;POSITIVO;SODIO CITRATO;SCHEDE;COMBUSTIONE INCOMPLETA RIGONFIANDO, CON RESIDUO BIANCASTRO
PROVA AL COCCIO;POSITIVO;SODIO P-AMMINO SALICILATO;DAZEBAO;INIZIALMENTE CARBONIZZA AI LATI ED AL CENTRO BIANCO O GRIGIO, POI TUTTO NERO
PROVA AL COCCIO;POSITIVO;SODIO SALICILATO;DAZEBAO;FORMAZIONE RESIDUO GRIGINO, INIZIALMENTE CARBONIZZA MA RESTA AL CENTRO PORZIONE BIANCASTRA
PROVA AL COCCIO;POSITIVO;SORBITOLO;SCHEDE;FONDE COMPLETAMENTE SENZA RESIDUO. CARAMELLIZZA
PROVA AL COCCIO;POSITIVO;SPIRONOLATTONE;SCHEDE;FONDE, SI INFIAMMA E POI CARBONIZZA
PROVA AL COCCIO;POSITIVO;SUCRALOSIO;SCHEDE;RIGONFIAMENTO SEGUITO DA CARBONIZZAZIONE
PROVA AL COCCIO;POSITIVO;SULFADIAZINA;SCHEDE;RIGONFIA E CARBONIZZA
PROVA AL COCCIO;POSITIVO;SULFAGUANIDINA;DAZEBAO;RIGONFIA E CARBONIZZA
PROVA AL COCCIO;POSITIVO;SULFAMERAZINA;DAZEBAO;FUSIONE INIZALE CON PASSAGGIO A LIQUIDO GIALLO, SEGUITO DA RIGONFIAMENTO GRIGIO BRINTALLINATO
PROVA AL COCCIO;POSITIVO;SULFANILAMIDE;;CARBONIZZA
PROVA AL COCCIO;POSITIVO;SULFATIAZOLO;DAZEBAO;RIGONFIA E CARBONIZZA. RESIDUO NERO
PROVA AL COCCIO;POSITIVO;TEOBROMINA;DAZEBAO;SUBLIMA
PROVA AL COCCIO;POSITIVO;TEOFILLINA;;SCOMPARE LASCIANDO LEGGERO ALONE NERO (SUBLIMA)
PROVA AL COCCIO;POSITIVO;TIAMINA HCl;DAZEBAO;CARBONIZZA RIGONFIANDO
PROVA AL COCCIO;POSITIVO;TIMOLO;;DIVIENE LIQUIDO E POI EVAPORA
PROVA AL COCCIO;POSITIVO;TOLBUTAMIDE;;FONDE E CARBONIZZA SENZA RESIDUO
PROVA AL COCCIO;POSITIVO;TRIPTOFANO;;FONDE E CARBONIZZA
TIOCROMO (TIAMINA HCl);POSITIVO;TIAMINA HCl;DAZEBAO;FLUORESCENZA AZZURRA
RESORCINA & FLUORESCENZA (SACCARINA E SALI);POSITIVO;SACCARINA;SCHEDE;
RESORCINA & FLUORESCENZA (SACCARINA E SALI);POSITIVO;SACCARINA SODICA;DAZEBAO;FLUORESCENZA VERDE
RESORCINA + NaOH (CLORALIO IDRATO);NEGATIVO;CLORBUTANOLO;SCHEDE;
RESORCINA + NaOH (CLORALIO IDRATO);NEGATIVO;SUCRALOSIO;SCHEDE;
RESORCINA + NaOH (CLORALIO IDRATO);POSITIVO;CLORALIO IDRATO;SCHEDE;
RIDUZIONE GRUPPO NITRO (NO2-Ar);NEGATIVO;CHININA SOLFATO;SCHEDE;
BEILSTEIN (FILO Cu);NEGATIVO;ACIDO ACETILSALICILICO;SCHEDE;
BEILSTEIN (FILO Cu);NEGATIVO;ACIDO ASCORBICO;SCHEDE;
BEILSTEIN (FILO Cu);NEGATIVO;ACIDO BENZOICO;SCHEDE;
BEILSTEIN (FILO Cu);NEGATIVO;ACIDO CITRICO;SCHEDE;
BEILSTEIN (FILO Cu);NEGATIVO;ACIDO NICOTINICO;DAZEBAO;
BEILSTEIN (FILO Cu);NEGATIVO;ACIDO SALICILICO;SCHEDE;
BEILSTEIN (FILO Cu);NEGATIVO;ACIDO SORBICO;SCHEDE;
BEILSTEIN (FILO Cu);NEGATIVO;ACIDO TANNICO;SCHEDE;
BEILSTEIN (FILO Cu);NEGATIVO;ACIDO TARTARICO;SCHEDE;
BEILSTEIN (FILO Cu);NEGATIVO;ASPARTAME;SCHEDE;
BEILSTEIN (FILO Cu);NEGATIVO;BENZOCAINA;DAZEBAO;
BEILSTEIN (FILO Cu);NEGATIVO;CAFFEINA;SCHEDE;
BEILSTEIN (FILO Cu);NEGATIVO;CALCIO PANTOTENATO;SCHEDE;
BEILSTEIN (FILO Cu);NEGATIVO;CAPTOPRIL;;
BEILSTEIN (FILO Cu);NEGATIVO;CHINIDINA SOLFATO;SCHEDE;
BEILSTEIN (FILO Cu);NEGATIVO;FENAZONE;SCHEDE;
BEILSTEIN (FILO Cu);NEGATIVO;FENILALANINA;SCHEDE;
BEILSTEIN (FILO Cu);NEGATIVO;FRUTTOSIO;SCHEDE;
BEILSTEIN (FILO Cu);NEGATIVO;FTALILSULFATIAZOLO;DAZEBAO;
BEILSTEIN (FILO Cu);NEGATIVO;IDROCORTISONE;DAZEBAO;
BEILSTEIN (FILO Cu);NEGATIVO;IDROCORTISONE ACETATO;SCHEDE;
BEILSTEIN (FILO Cu);NEGATIVO;MANNITOLO;DAZEBAO;
BEILSTEIN (FILO Cu);NEGATIVO;METRONIDAZOLO;;
BEILSTEIN (FILO Cu);NEGATIVO;NICOTINAMIDE;SCHEDE;
BEILSTEIN (FILO Cu);NEGATIVO;PROPIFENAZONE;SCHEDE;
BEILSTEIN (FILO Cu);NEGATIVO;PROPILPARABEN;SCHEDE;
BEILSTEIN (FILO Cu);NEGATIVO;SACCARINA;SCHEDE;
BEILSTEIN (FILO Cu);NEGATIVO;SACCAROSIO;SCHEDE;
BEILSTEIN (FILO Cu);NEGATIVO;SERINA;;
BEILSTEIN (FILO Cu);NEGATIVO;SODIO ACETATO;SCHEDE;
BEILSTEIN (FILO Cu);NEGATIVO;SODIO CITRATO;SCHEDE;
BEILSTEIN (FILO Cu);NEGATIVO;SODIO P-AMMINO SALICILATO;SCHEDE;
BEILSTEIN (FILO Cu);NEGATIVO;SODIO SALICILATO;SCHEDE;
BEILSTEIN (FILO Cu);NEGATIVO;SORBITOLO;SCHEDE;
BEILSTEIN (FILO Cu);NEGATIVO;SPIRONOLATTONE;SCHEDE;
BEILSTEIN (FILO Cu);NEGATIVO;SULFADIAZINA;SCHEDE;
BEILSTEIN (FILO Cu);NEGATIVO;SULFATIAZOLO;SCHEDE;
BEILSTEIN (FILO Cu);NEGATIVO;TEOBROMINA;SCHEDE;
BEILSTEIN (FILO Cu);POSITIVO;CHININA HCl;SCHEDE;FIAMMA VERDE
BEILSTEIN (FILO Cu);POSITIVO;CISTEINA HCl;SCHEDE;
BEILSTEIN (FILO Cu);POSITIVO;CLORALIO IDRATO;SCHEDE;FIAMMA VERDE
BEILSTEIN (FILO Cu);POSITIVO;CLORAMINA T;;
BEILSTEIN (FILO Cu);POSITIVO;CLORBUTANOLO;DAZEBAO;FIAMMA VERDE
BEILSTEIN (FILO Cu);POSITIVO;CLORPROMAZINA HCl;DAZEBAO;FIAMMA VERDE VISIBILE SOLO INIZIALMENTE
BEILSTEIN (FILO Cu);POSITIVO;DIFENIDRAMINA HCl;SCHEDE;FIAMMA VERDE
BEILSTEIN (FILO Cu);POSITIVO;ECONAZOLO NITRATO;DAZEBAO;FIAMMA VERDE
BEILSTEIN (FILO Cu);POSITIVO;EFEDRINA HCl;SCHEDE;FIAMMA VERDE
BEILSTEIN (FILO Cu);POSITIVO;FENILEFRINA HCl;SCHEDE;FIAMMA VERDE
BEILSTEIN (FILO Cu);POSITIVO;IDROCLOROTIAZIDE;DAZEBAO;FIAMMA VERDE
BEILSTEIN (FILO Cu);POSITIVO;IMIPRAMINA HCl;;FIAMMA VERDE
BEILSTEIN (FILO Cu);POSITIVO;LIDOCAINA HCl;DAZEBAO;FIAMMA VERDE
BEILSTEIN (FILO Cu);POSITIVO;LISINA HCl;SCHEDE;LEGGERA FIAMMA VERDE
BEILSTEIN (FILO Cu);POSITIVO;METFORMINA HCl;;
BEILSTEIN (FILO Cu);POSITIVO;METIONINA;;
BEILSTEIN (FILO Cu);POSITIVO;PROCAINA HCl;;FIAMMA VERDE
BEILSTEIN (FILO Cu);POSITIVO;PROLINA;;A VOLTE FIAMMA VERDE
BEILSTEIN (FILO Cu);POSITIVO;PROMETAZINA HCl;DAZEBAO;FIAMMA VERDE MOLTO EVIDENTE
BEILSTEIN (FILO Cu);POSITIVO;SUCRALOSIO;SCHEDE;FIAMMA VERDE
BEILSTEIN (FILO Cu);POSITIVO;TIAMINA HCl;SCHEDE;LABILE FIAMMA VERDE
SAGGIO BIURETO;NEGATIVO;SULFADIAZINA;SCHEDE;VERDE CHE VIRA AL GRIGIO
SAGGIO BIURETO;POSITIVO;FTALILSULFATIAZOLO;DAZEBAO;PPT BLU
SAGGIO BIURETO;POSITIVO;SULFATIAZOLO;DAZEBAO;PPT BLU
SAGGIO LEGAL (ACIDO ASCORBICO);POSITIVO;ACIDO ASCORBICO;DAZEBAO;
ACIDO CROMOTROPICO;NEGATIVO;DAPSONE;DAZEBAO;NON SI OSSERVANO COLORAZIONI
ACIDO CROMOTROPICO;POSITIVO;IDROCLOROTIAZIDE;DAZEBAO;COLORAZIONE VIOLA
SELIWANOFF (CHETOESOSI);NEGATIVO;LATTOSIO;SCHEDE;
SELIWANOFF (CHETOESOSI);POSITIVO;FRUTTOSIO;DAZEBAO;ROSSO INTENSO DOPO TANTI MINUTI A B.M.
SELIWANOFF (CHETOESOSI);POSITIVO;SACCAROSIO;DAZEBAO;ROSSO INTENSO SOLO DOPO DUE MINUTI
SOLUBILITA ACQUA;NEGATIVO;ACIDO SORBICO;DAZEBAO;
SOLUBILITA ACQUA;NEGATIVO;BENZOCAINA;DAZEBAO;SEMBRA POCO SOLUBILE, SE RISCALDI, MA DOPO RAFFREDDAMENTO SI FORMA PPT
SOLUBILITA ACQUA;NEGATIVO;CORTISONE ACETATO;DAZEBAO;INSOLUBILE
SOLUBILITA ACQUA;NEGATIVO;DAPSONE;DAZEBAO;INSOLUBILE O POCO SOLUBILE
SOLUBILITA ACQUA;NEGATIVO;ECONAZOLO NITRATO;SCHEDE;INSOLUBILE
SOLUBILITA ACQUA;NEGATIVO;FENOTIAZINA;DAZEBAO;
SOLUBILITA ACQUA;NEGATIVO;FTALILSULFATIAZOLO;DAZEBAO;INSOLUBILE
SOLUBILITA ACQUA;NEGATIVO;FUROSEMIDE;DAZEBAO;INSOLUBILE
SOLUBILITA ACQUA;NEGATIVO;IDROCORTISONE;DAZEBAO;INSOLUBILE
SOLUBILITA ACQUA;NEGATIVO;INDOMETACINA;DAZEBAO;
SOLUBILITA ACQUA;NEGATIVO;METILPARABEN;SCHEDE;
SOLUBILITA ACQUA;NEGATIVO;NICLOSAMIDE;SCHEDE;INSOLUBILE
SOLUBILITA ACQUA;NEGATIVO;NIFEDIPINA;DAZEBAO;INSOLUBILE
SOLUBILITA ACQUA;NEGATIVO;PREDNISONE;SCHEDE;
SOLUBILITA ACQUA;NEGATIVO;PROBENECID;;INSOLUBILE
SOLUBILITA ACQUA;NEGATIVO;PROGESTERONE;DAZEBAO;INSOLUBILE
SOLUBILITA ACQUA;NEGATIVO;PROPILPARABEN;DAZEBAO;
SOLUBILITA ACQUA;NEGATIVO;SACCARINA;SCHEDE;INSOLUBILE
SOLUBILITA ACQUA;NEGATIVO;SPIRONOLATTONE;SCHEDE;INSOLUBILE
SOLUBILITA ACQUA;NEGATIVO;SPIRONOLATTONE;SCHEDE;INSOLUBILE
SOLUBILITA ACQUA;NEGATIVO;SULFADIAZINA;DAZEBAO;
SOLUBILITA ACQUA;NEGATIVO;SULFAMERAZINA;DAZEBAO;INSOLUBILE, ANCHE A CALDO
SOLUBILITA ACQUA;NEGATIVO;TEOBROMINA;DAZEBAO;MOLTO POCO SOLUBILE
SOLUBILITA ACQUA;NEGATIVO;TOLBUTAMIDE;;INSOLUBILE
SOLUBILITA ACQUA;NEGATIVO;VALINA;DAZEBAO;
SOLUBILITA ACQUA;POSITIVO;ACETILCISTEINA;;SOLUBILE
SOLUBILITA ACQUA;POSITIVO;ACIDO ACETILSALICILICO;SCHEDE;POCO SOLUBILE B.M.
SOLUBILITA ACQUA;POSITIVO;ACIDO ASCORBICO;DAZEBAO;SOLUBILE DOPO AGITAZIONE. PH=3-4
SOLUBILITA ACQUA;POSITIVO;ACIDO BENZOICO;SCHEDE;POCO SOLUBILE, B.M. (PH=3)
SOLUBILITA ACQUA;POSITIVO;ACIDO CITRICO;DAZEBAO;PH=3
SOLUBILITA ACQUA;POSITIVO;ACIDO NICOTINICO;DAZEBAO;SI SCIOGLIE RISCALDANDO. PH=4-5
SOLUBILITA ACQUA;POSITIVO;ACIDO SALICILICO;SCHEDE;SOLUBILE B.M. (pH ACIDO)
SOLUBILITA ACQUA;POSITIVO;ACIDO TANNICO;SCHEDE;SOLUBILE (pH=6)
SOLUBILITA ACQUA;POSITIVO;ACIDO TARTARICO;DAZEBAO;SOLUBILE, PH=1-2
SOLUBILITA ACQUA;POSITIVO;ALANINA;DAZEBAO;SI SCIOGLIE MODERATAMENTE RISCALDANDO
SOLUBILITA ACQUA;POSITIVO;ASPARTAME;SCHEDE;SOLUBILE (PH=4,5)
SOLUBILITA ACQUA;POSITIVO;CAFFEINA;DAZEBAO;SOLUBILE B.M. (pH=7)
SOLUBILITA ACQUA;POSITIVO;CALCIO GLICEROFOSFATO;SCHEDE;POCO SOLUBILE (pH=7)
SOLUBILITA ACQUA;POSITIVO;CALCIO GLICEROFOSFATO;;POCO SOLUBILE (SOLO B.M.)
SOLUBILITA ACQUA;POSITIVO;CALCIO LATTATO;SCHEDE;SOLUBILE B.M. (pH=7-8)
SOLUBILITA ACQUA;POSITIVO;CALCIO PANTOTENATO;SCHEDE;PH=6
SOLUBILITA ACQUA;POSITIVO;CAPTOPRIL;;SOLUBILE
SOLUBILITA ACQUA;POSITIVO;CHINIDINA SOLFATO;DAZEBAO;SOLUBILE DOPO BREVE RISCALDAMENTO. PH=6-8
SOLUBILITA ACQUA;POSITIVO;CHININA HCl;SCHEDE;SCALDANDO
SOLUBILITA ACQUA;POSITIVO;CHININA SOLFATO;DAZEBAO;POCO SOLUBILE
SOLUBILITA ACQUA;POSITIVO;CISTEINA HCl;;SOLUBILE
SOLUBILITA ACQUA;POSITIVO;CLORALIO IDRATO;SCHEDE;SOLUBILE
SOLUBILITA ACQUA;POSITIVO;CLORAMINA T;;POCO SOLUBILE (B.M.)
SOLUBILITA ACQUA;POSITIVO;CLORBUTANOLO;DAZEBAO;POCO SOLUBILE
SOLUBILITA ACQUA;POSITIVO;CLOROCHINA BIFOSFATO;SCHEDE;
SOLUBILITA ACQUA;POSITIVO;CLORPROMAZINA HCl;DAZEBAO;SOLUBILE pH=7
SOLUBILITA ACQUA;POSITIVO;DESAMETASONE SODIO FOSFATO;SCHEDE;PH=8
SOLUBILITA ACQUA;POSITIVO;DIFENIDRAMINA HCl;SCHEDE;SOLUBILE pH=7
SOLUBILITA ACQUA;POSITIVO;EFEDRINA HCl;SCHEDE;SOLUBILE
SOLUBILITA ACQUA;POSITIVO;FENAZONE;DAZEBAO;SOLUBILE (pH=8)
SOLUBILITA ACQUA;POSITIVO;FENILALANINA;SCHEDE;SOLUBILE B.M.
SOLUBILITA ACQUA;POSITIVO;FENILEFRINA HCl;SCHEDE;SOLUBILE (pH=5)
SOLUBILITA ACQUA;POSITIVO;FENOLO;SCHEDE;
SOLUBILITA ACQUA;POSITIVO;FRUTTOSIO;SCHEDE;MOLTO SOLUBILE. PH=7
SOLUBILITA ACQUA;POSITIVO;GLICINA;;POCO SOLUBILE
SOLUBILITA ACQUA;POSITIVO;GLUCOSIO;;SOLUBILE
SOLUBILITA ACQUA;POSITIVO;IDROCLOROTIAZIDE;DAZEBAO;POCO SOLUBILE A B.M. (PH=6)
SOLUBILITA ACQUA;POSITIVO;ISONIAZIDE;;SOLUBILE
SOLUBILITA ACQUA;POSITIVO;LATTOSIO;DAZEBAO;SOLUBILE, PH=6-7
SOLUBILITA ACQUA;POSITIVO;LEUCINA;;SOLUBILE (pH=8)
SOLUBILITA ACQUA;POSITIVO;LIDOCAINA HCl;DAZEBAO;SI SCIOGLIE COMPLETAMENTE SOLAMENTE SCALDANDO. pH=7
SOLUBILITA ACQUA;POSITIVO;LISINA HCl;DAZEBAO;
SOLUBILITA ACQUA;POSITIVO;LITIO CITRATO;SCHEDE;SOLUBILE
SOLUBILITA ACQUA;POSITIVO;MAGNESIO ASPARTATO;SCHEDE;SOLUBILE
SOLUBILITA ACQUA;POSITIVO;MAGNESIO LATTATO;;SOLUBILE B.M. (pH=6-7)
SOLUBILITA ACQUA;POSITIVO;MANNITOLO;DAZEBAO;MOLTO SOLUBILE. PH=6
SOLUBILITA ACQUA;POSITIVO;METFORMINA HCl;;SOLUBILE (pH=7)
SOLUBILITA ACQUA;POSITIVO;METIONINA;;SOLUBILE SOLO B.M.
SOLUBILITA ACQUA;POSITIVO;METRONIDAZOLO;DAZEBAO;SOLUBILE B.M. (pH=7)
SOLUBILITA ACQUA;POSITIVO;NICOTINAMIDE;DAZEBAO;SOLUBILE B.M. (pH=6-7)
SOLUBILITA ACQUA;POSITIVO;PAPAVERINA HCl;DAZEBAO;SOLUBILE
SOLUBILITA ACQUA;POSITIVO;PARACETAMOLO;DAZEBAO;
SOLUBILITA ACQUA;POSITIVO;PIRIDOSSINA HCl;DAZEBAO;SOLUBILE
SOLUBILITA ACQUA;POSITIVO;POTASSIO ASPARTATO;;SOLUBILE (pH=7-8)
SOLUBILITA ACQUA;POSITIVO;POTASSIO SORBATO;DAZEBAO;POCO SOLUBILE. PH=7
SOLUBILITA ACQUA;POSITIVO;POTASSIO TARTRATO;SCHEDE;MOLTO SOLUBILE. PH=7-8
SOLUBILITA ACQUA;POSITIVO;PROCAINA HCl;;SOLUBILE
SOLUBILITA ACQUA;POSITIVO;PROCAINAMMIDE HCl;DAZEBAO;SOLUBILE, pH=7
SOLUBILITA ACQUA;POSITIVO;PROLINA;;SOLUBILE (pH=7)
SOLUBILITA ACQUA;POSITIVO;PROMETAZINA HCl;SCHEDE;SOLUBILE B.M. (pH=7)
SOLUBILITA ACQUA;POSITIVO;PROPIFENAZONE;SCHEDE;SOLUBILE B.M. (pH=6)
SOLUBILITA ACQUA;POSITIVO;SACCARINA SODICA;SCHEDE;SOLUBILE (PH=7-8)
SOLUBILITA ACQUA;POSITIVO;SACCAROSIO;DAZEBAO;SOLUBILE (PH=6-7), MEGLIO SE A B.M.
SOLUBILITA ACQUA;POSITIVO;SCOPOLAMINA HBr;;SOLUBILE
SOLUBILITA ACQUA;POSITIVO;SERINA;;SOLUBILE
SOLUBILITA ACQUA;POSITIVO;SODIO ACETATO;DAZEBAO;MOLTO SOLUBILE. PH=7
SOLUBILITA ACQUA;POSITIVO;SODIO ASCORBATO;;SOLUBILE (pH=7-8)
SOLUBILITA ACQUA;POSITIVO;SODIO BENZOATO;DAZEBAO;
SOLUBILITA ACQUA;POSITIVO;SODIO CITRATO;SCHEDE;SOLUBILE B.M. (pH=8)
SOLUBILITA ACQUA;POSITIVO;SODIO P-AMMINO SALICILATO;DAZEBAO;MOLTO SOLUBILE, PH=6-7
SOLUBILITA ACQUA;POSITIVO;SODIO SALICILATO;DAZEBAO;SOLUBILE. PH=6.
SOLUBILITA ACQUA;POSITIVO;SORBITOLO;SCHEDE;SOLUBILE
SOLUBILITA ACQUA;POSITIVO;SUCRALOSIO;SCHEDE;SOLUBILE. PH=6.
SOLUBILITA ACQUA;POSITIVO;SULFAGUANIDINA;DAZEBAO;SOLUBILE
SOLUBILITA ACQUA;POSITIVO;SULFANILAMIDE;;SOLUBILE B.M.
SOLUBILITA ACQUA;POSITIVO;SULFATIAZOLO;DAZEBAO;POCO SOLUBILE SCALDANDO. PH=6-7
SOLUBILITA ACQUA;POSITIVO;TEOFILLINA;;SOLUBILE B.M.
SOLUBILITA ACQUA;POSITIVO;TIAMINA HCl;DAZEBAO;SOLUBILE. PH=6.
SOLUBILITA ACQUA;POSITIVO;TIMOLO;;SOLUBILE (pH=7)
SOLUBILITA ACQUA;POSITIVO;TREONINA;;SOLUBILE
SOLUBILITA ACQUA;POSITIVO;TRIPTOFANO;;SOLUBILE (pH=7)
SOLUBILITA ACQUA;POSITIVO;VANILLINA;SCHEDE;PH=7
SOLUBILITA ETOH;NEGATIVO;ALANINA;DAZEBAO;SOLUZIONE TORBIDA, PRECIPITA SUL FONDO
SOLUBILITA ETOH;NEGATIVO;CALCIO GLICEROFOSFATO;;INSOLUBILE
SOLUBILITA ETOH;NEGATIVO;CORTISONE ACETATO;DAZEBAO;
SOLUBILITA ETOH;NEGATIVO;FENILALANINA;SCHEDE;INSOLUBILE
SOLUBILITA ETOH;NEGATIVO;FTALILSULFATIAZOLO;SCHEDE;
SOLUBILITA ETOH;NEGATIVO;LATTOSIO;DAZEBAO;
SOLUBILITA ETOH;NEGATIVO;MAGNESIO ASPARTATO;SCHEDE;INSOLUBILE
SOLUBILITA ETOH;NEGATIVO;MAGNESIO LATTATO;;INSOLUBILE
SOLUBILITA ETOH;NEGATIVO;MANNITOLO;SCHEDE;INSOLUBILE
SOLUBILITA ETOH;NEGATIVO;SACCARINA;SCHEDE;INSOLUBILE
SOLUBILITA ETOH;NEGATIVO;SODIO BENZOATO;SCHEDE;INSOLUBILE
SOLUBILITA ETOH;NEGATIVO;SODIO P-AMMINO SALICILATO;SCHEDE;INSOLUBILE
SOLUBILITA ETOH;NEGATIVO;SORBITOLO;SCHEDE;INSOLUBILE
SOLUBILITA ETOH;POSITIVO;ACIDO ACETILSALICILICO;SCHEDE;
SOLUBILITA ETOH;POSITIVO;ACIDO CITRICO;SCHEDE;SOLUBILE
SOLUBILITA ETOH;POSITIVO;ACIDO SORBICO;SCHEDE;SOLUBILE
SOLUBILITA ETOH;POSITIVO;ACIDO TANNICO;;SOLUBILE
SOLUBILITA ETOH;POSITIVO;CAFFEINA;DAZEBAO;POCO SOLUBILE
SOLUBILITA ETOH;POSITIVO;CAPTOPRIL;;SOLUBILE
SOLUBILITA ETOH;POSITIVO;CLORALIO IDRATO;SCHEDE;SOLUBILE
SOLUBILITA ETOH;POSITIVO;CLORBUTANOLO;DAZEBAO;
SOLUBILITA ETOH;POSITIVO;DAPSONE;DAZEBAO;
SOLUBILITA ETOH;POSITIVO;DIFENIDRAMINA HCl;SCHEDE;SOLUBILE
SOLUBILITA ETOH;POSITIVO;ECONAZOLO NITRATO;SCHEDE;MOLTO POCO SOLUBILE
SOLUBILITA ETOH;POSITIVO;EFEDRINA HCl;SCHEDE;SOLUBILE
SOLUBILITA ETOH;POSITIVO;FENOTIAZINA;DAZEBAO;
SOLUBILITA ETOH;POSITIVO;GLICINA;;SOLUBILE
SOLUBILITA ETOH;POSITIVO;IDROCORTISONE;DAZEBAO;POCO SOLUBILE
SOLUBILITA ETOH;POSITIVO;IMIPRAMINA HCl;;MOLTO SOLUBILE
SOLUBILITA ETOH;POSITIVO;INDOMETACINA;DAZEBAO;
SOLUBILITA ETOH;POSITIVO;ISONIAZIDE;;SOLUBILE
SOLUBILITA ETOH;POSITIVO;LIDOCAINA HCl;DAZEBAO;
SOLUBILITA ETOH;POSITIVO;METRONIDAZOLO;DAZEBAO;
SOLUBILITA ETOH;POSITIVO;NICOTINAMIDE;DAZEBAO;SOLUBILE
SOLUBILITA ETOH;POSITIVO;NIFEDIPINA;DAZEBAO;
SOLUBILITA ETOH;POSITIVO;PREDNISONE;SCHEDE;
SOLUBILITA ETOH;POSITIVO;PROBENECID;;SOLUBILE
SOLUBILITA ETOH;POSITIVO;PROCAINAMMIDE HCl;;POCO SOLUBILE
SOLUBILITA ETOH;POSITIVO;PROGESTERONE;DAZEBAO;POCO SOLUBILE (SOLUZIONE TRASPARENTE LEGGERMENTE ROSATA)
SOLUBILITA ETOH;POSITIVO;PROMETAZINA HCl;SCHEDE;
SOLUBILITA ETOH;POSITIVO;SACCAROSIO;SCHEDE;POCO SOLUBILE
SOLUBILITA ETOH;POSITIVO;SPIRONOLATTONE;SCHEDE;SOLUBILE
SOLUBILITA ETOH;POSITIVO;TIMOLO;;SOLUBILE
SOLUBILITA ETOH;POSITIVO;TOLBUTAMIDE;;SOLUBILE
SOLUBILITA HCL;NEGATIVO;ACIDO SORBICO;DAZEBAO;
SOLUBILITA HCL;NEGATIVO;CLORBUTANOLO;DAZEBAO;
SOLUBILITA HCL;NEGATIVO;CORTISONE ACETATO;DAZEBAO;
SOLUBILITA HCL;NEGATIVO;DESAMETASONE SODIO FOSFATO;SCHEDE;
SOLUBILITA HCL;NEGATIVO;ECONAZOLO NITRATO;SCHEDE;INSOLUBILE
SOLUBILITA HCL;NEGATIVO;FENOLO;SCHEDE;
SOLUBILITA HCL;NEGATIVO;FTALILSULFATIAZOLO;DAZEBAO;INSOLUBILE
SOLUBILITA HCL;NEGATIVO;FUROSEMIDE;DAZEBAO;INSOLUBILE
SOLUBILITA HCL;NEGATIVO;IDROCORTISONE;DAZEBAO;
SOLUBILITA HCL;NEGATIVO;IMIPRAMINA HCl;;INSOLUBILE
SOLUBILITA HCL;NEGATIVO;INDOMETACINA;DAZEBAO;
SOLUBILITA HCL;NEGATIVO;METILPARABEN;SCHEDE;
SOLUBILITA HCL;NEGATIVO;PREDNISONE;SCHEDE;
SOLUBILITA HCL;NEGATIVO;PROBENECID;;INSOLUBILE
SOLUBILITA HCL;NEGATIVO;PROGESTERONE;DAZEBAO;INSOLUBILE
SOLUBILITA HCL;NEGATIVO;PROPILPARABEN;DAZEBAO;
SOLUBILITA HCL;NEGATIVO;SODIO BENZOATO;SCHEDE;INSOLUBILE
SOLUBILITA HCL;NEGATIVO;SODIO P-AMMINO SALICILATO;SCHEDE;INSOLUBILE
SOLUBILITA HCL;NEGATIVO;SODIO SALICILATO;SCHEDE;INSOLUBILE
SOLUBILITA HCL;NEGATIVO;SPIRONOLATTONE;SCHEDE;SOLUBILE
SOLUBILITA HCL;NEGATIVO;SPIRONOLATTONE;SCHEDE;INSOLUBILE
SOLUBILITA HCL;NEGATIVO;TIMOLO;;INSOLUBILE
SOLUBILITA HCL;NEGATIVO;TOLBUTAMIDE;;INSOLUBILE
SOLUBILITA HCL;NEGATIVO;VANILLINA;SCHEDE;
SOLUBILITA HCL;POSITIVO;ACETILCISTEINA;;SOLUBILE
SOLUBILITA HCL;POSITIVO;ACIDO NICOTINICO;DAZEBAO;
SOLUBILITA HCL;POSITIVO;ACIDO TANNICO;;SOLUBILE
SOLUBILITA HCL;POSITIVO;BENZOCAINA;DAZEBAO;
SOLUBILITA HCL;POSITIVO;CAFFEINA;;SOLUBILE
SOLUBILITA HCL;POSITIVO;CALCIO GLICEROFOSFATO;SCHEDE;SOLUBILE
SOLUBILITA HCL;POSITIVO;CALCIO GLICEROFOSFATO;;SOLUBILE
SOLUBILITA HCL;POSITIVO;CALCIO LATTATO;SCHEDE;
SOLUBILITA HCL;POSITIVO;CAPTOPRIL;;SOLUBILE
SOLUBILITA HCL;POSITIVO;CHINIDINA SOLFATO;;
SOLUBILITA HCL;POSITIVO;CHININA HCl;SCHEDE;
SOLUBILITA HCL;POSITIVO;CISTEINA HCl;;SOLUBILE
SOLUBILITA HCL;POSITIVO;CLORALIO IDRATO;SCHEDE;SOLUBILE
SOLUBILITA HCL;POSITIVO;CLORAMINA T;;INSOLUBILE
SOLUBILITA HCL;POSITIVO;CLOROCHINA BIFOSFATO;SCHEDE;
SOLUBILITA HCL;POSITIVO;DAPSONE;DAZEBAO;SOLUBILE
SOLUBILITA HCL;POSITIVO;DIFENIDRAMINA HCl;SCHEDE;SOLUBILE
SOLUBILITA HCL;POSITIVO;FENAZONE;DAZEBAO;SOLUBILE
SOLUBILITA HCL;POSITIVO;FENILALANINA;SCHEDE;SOLUBILE
SOLUBILITA HCL;POSITIVO;GLICINA;;SOLUBILE
SOLUBILITA HCL;POSITIVO;ISONIAZIDE;;SOLUBILE
SOLUBILITA HCL;POSITIVO;LIDOCAINA HCl;DAZEBAO;
SOLUBILITA HCL;POSITIVO;MAGNESIO ASPARTATO;SCHEDE;SOLUBILE
SOLUBILITA HCL;POSITIVO;MAGNESIO LATTATO;;SOLUBILE
SOLUBILITA HCL;POSITIVO;MANNITOLO;;
SOLUBILITA HCL;POSITIVO;METFORMINA HCl;;SOLUBILE
SOLUBILITA HCL;POSITIVO;METIONINA;;SOLUBILE
SOLUBILITA HCL;POSITIVO;METRONIDAZOLO;;SOLUBILE
SOLUBILITA HCL;POSITIVO;NICOTINAMIDE;DAZEBAO;
SOLUBILITA HCL;POSITIVO;POTASSIO TARTRATO;;SOLUBILE
SOLUBILITA HCL;POSITIVO;PROCAINA HCl;;SOLUBILE
SOLUBILITA HCL;POSITIVO;PROCAINAMMIDE HCl;;SOLUBILE
SOLUBILITA HCL;POSITIVO;PROLINA;;SOLUBILE
SOLUBILITA HCL;POSITIVO;PROMETAZINA HCl;SCHEDE;
SOLUBILITA HCL;POSITIVO;PROPIFENAZONE;SCHEDE;SOLUBILE
SOLUBILITA HCL;POSITIVO;SERINA;;SOLUBILE
SOLUBILITA HCL;POSITIVO;SODIO ACETATO;DAZEBAO;NON SI FORMA PPT
SOLUBILITA HCL;POSITIVO;SODIO CITRATO;SCHEDE;POCO SOLUBILE
SOLUBILITA HCL;POSITIVO;SORBITOLO;SCHEDE;SOLUBILE
SOLUBILITA HCL;POSITIVO;SULFADIAZINA;SCHEDE;
SOLUBILITA HCL;POSITIVO;SULFAGUANIDINA;DAZEBAO;SOLUBILE
SOLUBILITA HCL;POSITIVO;SULFAMERAZINA;DAZEBAO;
SOLUBILITA HCL;POSITIVO;SULFATIAZOLO;DAZEBAO;
SOLUBILITA HCL;POSITIVO;TEOFILLINA;;SOLUBILE
SOLUBILITA HCL;POSITIVO;TREONINA;;SOLUBILE
SOLUBILITA HCL;POSITIVO;VALINA;DAZEBAO;
SOLUBILITA NaHCO3;NEGATIVO;SPIRONOLATTONE;SCHEDE;INSOLUBILE
SOLUBILITA NaHCO3;POSITIVO;CAFFEINA;SOLUBILE;SOLUBILE
SOLUBILITA NAOH;NEGATIVO;BENZOCAINA;DAZEBAO;
SOLUBILITA NAOH;NEGATIVO;CAFFEINA;;INSOLUBILE
SOLUBILITA NAOH;NEGATIVO;CALCIO GLICEROFOSFATO;SCHEDE;INSOLUBILE
SOLUBILITA NAOH;NEGATIVO;CALCIO GLICEROFOSFATO;;INSOLUBILE
SOLUBILITA NAOH;NEGATIVO;CALCIO LATTATO;SCHEDE;
SOLUBILITA NAOH;NEGATIVO;CHINIDINA SOLFATO;;
SOLUBILITA NAOH;NEGATIVO;CHININA HCl;SCHEDE;
SOLUBILITA NAOH;NEGATIVO;CLORBUTANOLO;DAZEBAO;
SOLUBILITA NAOH;NEGATIVO;CORTISONE ACETATO;DAZEBAO;
SOLUBILITA NAOH;NEGATIVO;DAPSONE;DAZEBAO;
SOLUBILITA NAOH;NEGATIVO;DIFENIDRAMINA HCl;SCHEDE;INSOLUBILE
SOLUBILITA NAOH;NEGATIVO;ECONAZOLO NITRATO;SCHEDE;INSOLUBILE
SOLUBILITA NAOH;NEGATIVO;IDROCORTISONE;DAZEBAO;
SOLUBILITA NAOH;NEGATIVO;IMIPRAMINA HCl;;INSOLUBILE
SOLUBILITA NAOH;NEGATIVO;LIDOCAINA HCl;DAZEBAO;
SOLUBILITA NAOH;NEGATIVO;MAGNESIO ASPARTATO;SCHEDE;INSOLUBILE
SOLUBILITA NAOH;NEGATIVO;PREDNISONE;SCHEDE;
SOLUBILITA NAOH;NEGATIVO;PROCAINA HCl;;INSOLUBILE
SOLUBILITA NAOH;NEGATIVO;PROGESTERONE;DAZEBAO;MOLTO POCO SOLUBILE
SOLUBILITA NAOH;NEGATIVO;PROPIFENAZONE;SCHEDE;INSOLUBILE
SOLUBILITA NAOH;NEGATIVO;SPIRONOLATTONE;SCHEDE;INSOLUBILE
SOLUBILITA NAOH;NEGATIVO;SPIRONOLATTONE;SCHEDE;INSOLUBILE
SOLUBILITA NAOH;NEGATIVO;SULFAGUANIDINA;DAZEBAO;INSOLUBILE
SOLUBILITA NAOH;NEGATIVO;TEOFILLINA;;INSOLUBILE
SOLUBILITA NAOH;POSITIVO;ACIDO ACETILSALICILICO;SCHEDE;
SOLUBILITA NAOH;POSITIVO;ACIDO BENZOICO;SCHEDE;
SOLUBILITA NAOH;POSITIVO;ACIDO NICOTINICO;DAZEBAO;
SOLUBILITA NAOH;POSITIVO;ACIDO SORBICO;DAZEBAO;
SOLUBILITA NAOH;POSITIVO;ACIDO TANNICO;;SOLUBILE
SOLUBILITA NAOH;POSITIVO;CAPTOPRIL;;SOLUBILE
SOLUBILITA NAOH;POSITIVO;CISTEINA HCl;;SOLUBILE
SOLUBILITA NAOH;POSITIVO;CLORAMINA T;;SOLUBILE
SOLUBILITA NAOH;POSITIVO;DESAMETASONE SODIO FOSFATO;SCHEDE;
SOLUBILITA NAOH;POSITIVO;FENAZONE;DAZEBAO;SOLUBILE
SOLUBILITA NAOH;POSITIVO;FENILALANINA;SCHEDE;SOLUBILE
SOLUBILITA NAOH;POSITIVO;FENOLO;SCHEDE;
SOLUBILITA NAOH;POSITIVO;FTALILSULFATIAZOLO;DAZEBAO;SOLUBILE
SOLUBILITA NAOH;POSITIVO;FUROSEMIDE;DAZEBAO;SOLUBILE
SOLUBILITA NAOH;POSITIVO;GLICINA;;SOLUBILE
SOLUBILITA NAOH;POSITIVO;IDROCLOROTIAZIDE;DAZEBAO;
SOLUBILITA NAOH;POSITIVO;INDOMETACINA;DAZEBAO;
SOLUBILITA NAOH;POSITIVO;ISONIAZIDE;;SOLUBILE
SOLUBILITA NAOH;POSITIVO;LATTOSIO;DAZEBAO;
SOLUBILITA NAOH;POSITIVO;MANNITOLO;;
SOLUBILITA NAOH;POSITIVO;METFORMINA HCl;;POCO SOLUBILE
SOLUBILITA NAOH;POSITIVO;METILPARABEN;SCHEDE;
SOLUBILITA NAOH;POSITIVO;METIONINA;;SOLUBILE
SOLUBILITA NAOH;POSITIVO;NICOTINAMIDE;DAZEBAO;SOLUBILE
SOLUBILITA NAOH;POSITIVO;PARACETAMOLO;DAZEBAO;
SOLUBILITA NAOH;POSITIVO;POTASSIO TARTRATO;DAZEBAO;SOLUBILE
SOLUBILITA NAOH;POSITIVO;PROBENECID;;SOLUBILE
SOLUBILITA NAOH;POSITIVO;PROCAINAMMIDE HCl;;SOLUBILE
SOLUBILITA NAOH;POSITIVO;PROLINA;;SOLUBILE
SOLUBILITA NAOH;POSITIVO;PROPILPARABEN;DAZEBAO;
SOLUBILITA NAOH;POSITIVO;SACCARINA;SCHEDE;SOLUBILE
SOLUBILITA NAOH;POSITIVO;SERINA;;SOLUBILE
SOLUBILITA NAOH;POSITIVO;SODIO BENZOATO;SCHEDE;SOLUBILE
SOLUBILITA NAOH;POSITIVO;SODIO CITRATO;SCHEDE;POCO SOLUBILE
SOLUBILITA NAOH;POSITIVO;SODIO P-AMMINO SALICILATO;SCHEDE;SOLUBILE
SOLUBILITA NAOH;POSITIVO;SODIO SALICILATO;SCHEDE;SOLUBILE
SOLUBILITA NAOH;POSITIVO;SORBITOLO;SCHEDE;SOLUBILE
SOLUBILITA NAOH;POSITIVO;SUCRALOSIO;SCHEDE;SOLUBILE
SOLUBILITA NAOH;POSITIVO;SULFADIAZINA;DAZEBAO;
SOLUBILITA NAOH;POSITIVO;SULFAMERAZINA;DAZEBAO;
SOLUBILITA NAOH;POSITIVO;SULFATIAZOLO;DAZEBAO;SOLUBILE
SOLUBILITA NAOH;POSITIVO;TEOBROMINA;DAZEBAO;SOLUBILE
SOLUBILITA NAOH;POSITIVO;TIMOLO;;SOLUBILE
SOLUBILITA NAOH;POSITIVO;TOLBUTAMIDE;;SOLUBILE
SOLUBILITA NAOH;POSITIVO;TREONINA;;SOLUBILE
SOLUBILITA NAOH;POSITIVO;VALINA;DAZEBAO;
SOLUBILITA NAOH;POSITIVO;VANILLINA;SCHEDE;
SPETTROSCOPIA;INFO;ACIDO NICOTINICO;DAZEBAO;VISIBILE PICCO DEL CARBONILE A 1704
SPETTROSCOPIA;INFO;BENZOCAINA;DAZEBAO;SI DISTINGUE BENE BANDA CARBONILE
SPETTROSCOPIA;INFO;CHINIDINA SOLFATO;DAZEBAO;SI DISTINGUE BENE DA CHININA SOLFATO CON IR
TALLEIOCHINA (ALC CHINOLINICI);POSITIVO;CHINIDINA SOLFATO;SCHEDE;SOLUZIONE VERDE ACQUA
TALLEIOCHINA (ALC CHINOLINICI);POSITIVO;CHININA HCl;SCHEDE;
TALLEIOCHINA (ALC CHINOLINICI);POSITIVO;CHININA SOLFATO;DAZEBAO;VERDE ACQUA OPACO E PPT
UREA & FLUORESCENZA (CITRATI);POSITIVO;ACIDO CITRICO;SCHEDE;
UREA & FLUORESCENZA (CITRATI);POSITIVO;ACIDO TARTARICO;SCHEDE;FLUORESCENZA VERDE-BLU
UREA & FLUORESCENZA (CITRATI);POSITIVO;LITIO CITRATO;SCHEDE;
UREA & FLUORESCENZA (CITRATI);POSITIVO;SODIO CITRATO;SCHEDE;
UREA & FLUORESCENZA (CITRATI);POSITIVO;SODIO CITRATO;SCHEDE;
VANILLINA (ISONIAZIDE);NEGATIVO;CALCIO PANTOTENATO;SCHEDE;
VANILLINA (ISONIAZIDE);NEGATIVO;NICOTINAMIDE;SCHEDE;
VITALI-MORIN;NEGATIVO;CHINIDINA SOLFATO;SCHEDE;
VITALI-MORIN;NEGATIVO;DIFENIDRAMINA HCl;;ARANCIONE
VITALI-MORIN;NEGATIVO;METRONIDAZOLO;;
VITALI-MORIN;NEGATIVO;TEOFILLINA;;
VITALI-MORIN;POSITIVO;IMIPRAMINA HCl;;VIOLA INTENSO
VITALI-MORIN;POSITIVO;LIDOCAINA HCl;DAZEBAO;COLORAZIONE GIALLO CHIARO, VERDE NON APPREZZABILE
VITALI-MORIN;POSITIVO;SCOPOLAMINA HBr;;
ZINKE-KONIG (PIRIDINE);POSITIVO;ACIDO NICOTINICO;DAZEBAO;COLORAZIONE ROSSO SCURO INTENSO
ZINKE-KONIG (PIRIDINE);POSITIVO;FENAZONE;;COLORAZIONE ROSSO CHE POI SI SCURISCE E DIVIENE MARRONE
ZINKE-KONIG (PIRIDINE);POSITIVO;ISONIAZIDE;;ROSSO INTENSO
ZINKE-KONIG (PIRIDINE);POSITIVO;NICOTINAMIDE;DAZEBAO;COLORAZIONE ROSSO INTENSO
ZINKE-KONIG (PIRIDINE);POSITIVO;NICOTINAMIDE;;
ZINKE-KONIG (PIRIDINE);POSITIVO;PIRIDOSSINA HCl;;COLORAZIONE ARANCIONE
VITALI-MORIN;POSITIVO;PROPIFENAZONE;;
CORALINA (ALC ISOCHINOLINICI);POSITIVO;PROPIFENAZONE;;
NINIDRINA (AMINOACIDI);NEGATIVO;TEOFILLINA;;
AMMINE TERZIARIE (DRAGENDORFF);POSITIVO;IMIPRAMINA HCl;;
AMMINE TERZIARIE (BOUCHARDAT);POSITIVO;IMIPRAMINA HCl;;ARANCIONE BRILLANTE
AMMINE TERZIARIE (MAYER);POSITIVO;IMIPRAMINA HCl;;
AgNO3 & NH4OH (FOSFATI);POSITIVO;CLOROCHINA BIFOSFATO;;
SOLUBILITA NAOH;POSITIVO;FENILEFRINA HCl;;
SOLUBILITA HCL;POSITIVO;FENILEFRINA HCl;;
AgNO3 (ALOGENURI);POSITIVO;FENILEFRINA HCl;;PPT BIANCO
IDROSSILAMMINA (ESTERI & AMMIDI);NEGATIVO;FENILEFRINA HCl;;
AMMINE TERZIARIE (ACIDO CITRICO E ANIDRIDE ACETICA);POSITIVO;PROMETAZINA HCl;;COLORAZIONE NERO-VIOLA
SOLUBILITA ACQUA;POSITIVO;CALCIO GLUCONATO;;SOLUBILE, pH=7
PROVA AL COCCIO;POSITIVO;CALCIO GLUCONATO;;NON LASCIA RESIDUO
SOLUBILITA NAOH;POSITIVO;CALCIO GLUCONATO;;
SOLUBILITA HCL;POSITIVO;CALCIO GLUCONATO;;
SOLUBILITA ETOH;POSITIVO;CALCIO GLUCONATO;;
FILO Ni-Cr;POSITIVO;CALCIO GLUCONATO;;ROSSO MATTONE