id;nome saggio;descrizione;img;molecola interessata;rif saggio temp;visualizza grafico
63;ACIDO CROMOTROPICO;Mescolare in provetta una piccola quantità di sostanza (5 mg) con una pari quantità del sale sodico dell’acido cromotropico. Aggiungere in provetta circa 2 ml di acido solforico (H2SO4) concentrato, e poi scaldare a b.m. per qualche minuto (piastra riscaldante posta sotto cappa, non allontanarsi);;;63;1
2;ACIDO OSSALICO (ACETATI);Prelevare circa 50 mg di sostanza e disporla in una capsula di porcellana. Aggiungere una pari quantità (circa) di acido ossalico. Triturare la sospensione solida ed eventualmente scaldare la capsula leggermente su bunsen. Il saggio è positivo se si sviluppa un odore caratteristico di aceto.;;;2;1
3;ACQUA DI BROMO (FENOTIAZINE);"Sciogliere circa 10-20 mg di sostanza in circa 5 ml di H2O ed aggiungere qualche goccia del reattivo chiamato “acqua di bromo”, che ha una tipica colorazione arancio-bruna. Il saggio è positivo se la soluzione si decolora. Misurando il pH si possono avere informazioni aggiuntive: pH acido è indice della formazione di acido bromidrico (HBr) e può indicare la presenza nella molecola di una porzione aromatica. Note: i) Le specie che reagiscono bene sono alcheni, enoli, aniline. ii) Per le insaturazioni olefiniche, avviene con stereochimica trans. iii) Con le fenotiazine si ottiene una colorazione rossa. iv) Saggio utilizzabile per identificazione dei sulfamidici (“falso negativo” = Ftalil-sulfatiazolo; “falso positivo” = Idroclorotiazide) usando un volume minore di acqua (circa 1 ml); si osserva la formazione di un precipitato bianco e pH acido. iv) Saggio utilizzabile per identificazione degli alcaloidi chinolinici aggiungendo alla soluzione anche 1 ml di idrossido di ammonio diluito (NH4OH 2N): il saggio (reazione della Talleiochina) è positivo se si sviluppa un’intensa colorazione verde smeraldo chiaro (Chinina e Chinidina danno saggio positivo, Clorochina negativo.";;;3;0
6;AgNO3 (ALOGENURI);"aggiungere HNO3 2N fino a pH = 0 (cartina tornasole rossa) e successivamente AgNO3 al 4%. Si osserva un ppt caseoso, il cui colore dipende dall’alogenuro coinvolto. Per confermare l’identità dell’alogenuro, effettuare il test di solubilità con idrossido d’ammonio (NH4OH): aggiungere NH4OH diluito, ed osservare il comportamento; successivamente aggiungere NH4OH concentrato ed osservare il comportamento. ";;;6;1
7;AgNO3 (XANTINE);Preparare una soluzione della sostanza, sciogliendo circa 10 mg di sostanza in circa 2 ml di acqua, e scaldare a b.m. Aggiungere una soluzione acquosa (4%) di nitrato d’argento (AgNO3). Il saggio è positivo se si forma un precipitato gelatinoso. Note: i) Per la caffeina il saggio è negativo, per le altre xantine il saggio è positivo.;;;7;1
5;AgNO3 & NH4OH (FOSFATI);Sciogliere circa 20 mg di sostanza in circa 2 ml di H2O (o di HNO3 2N, neutralizzato fino a pH=7 mediante NaOH 2N). Aggiungere (circa) 1-2 ml di NH4OH 6N. In presenza di Magnesio si ha la formazione dell’idrossido di magnesio, Mg(OH)2, riconoscibile come precipitato gelatinoso bianco. Poiché in soluzione è presente anche lo ione NH4+, in seguito ad aggiunta di NH4Cl 10% l’equilibrio si sposta e il precipitato si scioglie. Aggiungere 1-2 ml di sodio fosfato acido (9% acq.), Na2HPO4. Il saggio è positivo se si forma un precipitato bianco cristallino di fosfato ammonio-magnesiaco (NH4)MgPO4.;;;5;1
20;AMMINE PRIMARIE e NO2-AROM (DIAZO-COPULAZIONE);Preparare una soluzione della sostanza, sciogliendo circa 10 mg di sostanza in circa 1 ml di acido cloridrico diluito (HCl 2N). Preparare una soluzione acquosa (10%) di nitrito di sodio (NaNO2). Aggiungerne poche gocce alla soluzione della sostanza (o alla soluzione filtrata, vedi saggio per la ricerca del gruppo NO2). Raffreddare la provetta e controllare il pH (deve essere leggermente acido). Poi aggiungere 1 ml di una soluzione (5%) già pronta di β-naftolo (soluzione leggermente basica, con proporzione 6:4 di H2O e NaOH 2N). In presenza di ammina primaria aromatica, la reazione con nitrito di sodio porterà alla formazione di un sale di diazonio, che poi reagirà con il β-naftolo. Il saggio è positivo se si sviluppa una colorazione rosso-arancio, con possibile formazione di precipitato. Note: i) È importante controllare il pH della soluzione prima di aggiungere il β-naftolo, che dovrà essere leggermente acido. Infatti, è necessario che l’ammina sia in forma libera e non come sale (quindi un ambiente fortemente acido non va bene), ma anche che il sale di diazonio sia libero di reagire (quindi un ambiente basico non va bene perché lo disattiva). ii) Danno il saggio positivo Benzocaina, Procaina, Procainammide, Dapsone, p-amminosalicilato, i sulfamidici e le sostanze con gruppo NO2 ridotto ad ammina primaria (vedi saggio precedente). iii) I sulfamidici con funzione ammidica (Ftalilsulfatiazolo) devono essere prima idrolizzati come descritto nella sezione dedicata alla base di Schiff. iv) Metrozidazolo da colorazione gialla con ppt bianco).;;;20;1
1;AMMINE TERZIARIE (ACIDO CITRICO E ANIDRIDE ACETICA);Preparare una soluzione sciogliendo a b.m. 100 mg di acido citrico in 5 ml di anidride acetica. Aggiungere 20 mg di sostanza e continuare a riscaldare fino alla comparsa di una colorazione rosso-porpora intensa. Note: i) Ammine primarie e secondarie non reagiscono.;;;1;1
12;AMMINE TERZIARIE (BOUCHARDAT);Preparare una soluzione della sostanza, sciogliendo circa 50 mg di sostanza in circa 5 ml di acqua (se necessario aggiungere acido cloridrico diluito, HCl 2N) o etanolo. Aggiungere 1ml di reattivo di Bouchardat (Soluzione di Lugol iodo-iodurata (KI3)-1 con formazione finale di iodati (IO3-)), che è positiva se si osserva colorazione o ppt di colore rosso-scuro (da rosso-arancio a marrone);;;12;1
21;AMMINE TERZIARIE (DRAGENDORFF);Preparare una soluzione della sostanza, sciogliendo circa 50 mg di sostanza in circa 5 ml di acqua (se necessario aggiungere acido cloridrico diluito, HCl 2N) o etanolo. Aggiungere 1ml di reattivo di Dragendorff (Soluzione di tetraiodo-bismutato di potassio, K[Bi I4]), che è positiva se si osserva colorazione o ppt di colore giallo-arancio o rosso-arancio;;;21;1
46;AMMINE TERZIARIE (MAYER);Preparare una soluzione della sostanza, sciogliendo circa 50 mg di sostanza in circa 5 ml di acqua (se necessario aggiungere acido cloridrico diluito, HCl 2N) o etanolo. Aggiungere 1ml di reattivo di Mayer (Soluzione di tetraiodo-mercurato di potassio, K2[Hg I4]), che è positiva se si osserva colorazione o ppt di colore bianco o crema;;;46;1
8;BASE SCHIFF (SULFAMIDICI);Preparare una soluzione della sostanza, sciogliendo circa 50 mg di sostanza in circa 1-2 ml di acqua, con l’aggiunta di acido solforico diluito (H2SO4 2N). Preparare al momento una soluzione diluita di p-dimetilamminobenzaldeide (50 mg in 2 ml di H2O). Aggiungere alla soluzione della sostanza alcune gocce della soluzione preparata. Il saggio è positivo se si ottiene una colorazione arancione. Note: i) Reazione usata per l’identificazione della classe dei sulfamidici. ii) Per Ftalilsulfatiazolo è necessaria idrolisi: sciogliere 50 mg di sostanza in NaOH 5N (1 ml NaOH 10N + 1 ml H2O) e b.m. per 10 minuti. Dopo raffreddamento aggiungere HCl 6N fino a pH acido (pH=3). Eseguire quindi il saggio della base di Schiff o diazo-copulazione.;base_schiff.png;;8;1
61;BEILSTEIN (FILO Cu);"SOTTO CAPPA IN ASPIRAZIONE, CON OCCHIALI DI PROTEZIONE. Preparare una piccola aliquota di sostanza in un vetrino da orologio. Pulire bene il filo di rame, o alla fiamma o mediante un pezzetto di carta vetrata (attenzione, NON in acido cloridrico!). Subito dopo passare il filo a contatto con la sostanza, in modo da prelevarne una piccola quantità (qualche cristallo). Porre il filo di Cu sulla fiamma del bunsen: il saggio è positivo in caso di colorazione alla fiamma. Il colore permette di identificare la presenza di alogeni, per formazione dei derivati volatili rameici corrispondenti (CuCl2, CuBr2, CuI2 e CuF2). In caso di saggio positivo, confermare per via umida. Note: i) Il saggio è poco indicativo per le sostanze inorganiche. ii) il fluoruro, F-, ha una colorazione labile; iii) alcuni composti (saccarina e sali di NH4+) sono falsi positivi, per formazione di CuCN, verde alla fiamma; iv) alcuni composti (tiamina cloridrato) possono risultare falsi negativi.";;;61;1
9;BIURETO CUSO4 + HCL (CALCIO PANTOTENATO);Preparare una soluzione della sostanza, sciogliendo circa 20 mg di sostanza in circa 1-2 ml di acqua. Aggiungere 1-2 gocce di soluzione acquosa (12%) di solfato di rame (CuSO4). In presenza di aminoacidi (sia α-aminoacidi che β-aminoacidi) si ha la formazione di complessi dello ione rame(II), in cui CuII è “chelato” dagli atomi di ossigeno ed azoto della sostanza. Il saggio è positivo se si sviluppa una colorazione blu intensa (in alcuni casi celeste o azzurra), che vira e si intensifica per alcalinizzazione con idrossido di sodio diluito (NaOH 2N).;saggio_biureto.png;;9;1
11;BORACE & FENOLFTALEINA (POLIALCOLI);Preparare una soluzione acquosa della sostanza in esame, sciogliendo circa 20 mg di sostanza in circa 2 ml di H2O (se insolubile in H2O, l’importante è che alla fine la soluzione sia neutra, quindi eventualmente neutralizzare usando soluzioni di NaOH e/o HCl, e controllare il pH). Preparare una seconda soluzione, prelevando qualche ml di una soluzione al 5% di borace (Na2B4O7), ed aggiungervi qualche goccia di fenolftaleina, indicatore di pH, che renderà la colorazione della seconda soluzione viola. Aggiungere 1-2 ml della prima soluzione (con la sostanza) alla soluzione di borace. Il saggio è positivo se si noterà una decolorazione, indice che la soluzione al borace “ha virato” a causa della variazione di pH, indotta dalla sostanza. Note: i) Saggio che si applica per il riconoscimento di molecole con molti gruppi idrossilici, sia aromatici (come l’acido tannico) che alifatici (come sorbitolo e mannitolo). ii) Alla base del meccanismo vi sta un equilibrio tra acido borico e borace.;saggio_polialcoli.png;;11;1
14;BOUCHARDAT IN AMB BASICO (CLORBUTANOLO);Preparare una soluzione sciogliendo circa 20 mg di sostanza in ambiente leggermente basico, ottenuto mettendo in una provetta 3 ml di idrossido di sodio diluito (NaOH 2N) e 5 ml di acqua. Aggiungere, goccia a goccia, 2 ml di reattivo di Bouchardat. Il saggio è positivo se si forma un precipitato giallo chiaro di iodoformio (si dovrebbe sentire anche un odore caratteristico;;;14;1
13;BOUCHARDAT IN AMB BASICO (LATTATI);Preparare una soluzione acquosa della sostanza, sciogliendo circa 50 mg in 1-2 ml di acqua. Aggiungere 1-2 ml del reattivo di Bouchardat (soluzione iodo-iodurata) ed un leggero eccesso di NaOH 2N (aiutarsi controllando il pH con la cartina tornasole). Il saggio è positivo se si ottiene un precipitato giallo (iodoformio). Note: i) Il saggio permette di identificare i metil-alcoli e i metil-chetoni. ii) Il saggio è positivo per Calcio lattato e Magnesio lattato. iii) Saggio che permette di distinguere il Calcio gluconato, che non reagisce. iv) Per Clorbutanolo il saggio è positivo;;;13;1
15;CaCl2 IN AMB BASICO (CITRATI);;;;15;0
16;CHEN-KAO (FENIL-ALCHIL-AMMINE);Preparare una soluzione sciogliendo circa 20 mg di sostanza in circa 1 ml di acqua. Aggiungere qualche goccia di una soluzione acquosa (12%) di solfato di rame (CuSO4) ed 1 ml di idrossido di sodio concentrato (NaOH 10N). Aggiungere 2 ml di etere etilico, ed osservare l’eventuale separazione tra fasi. Il saggio è positivo se si osserva una colorazione blu-viola, con possibile formazione di precipitato. Note i) l’ambiente fortemente basico favorisce la disponibilità elettronica dell’azoto dell’alcaloide. ii) Il saggio è positivo per Efedrina cloridrato (fase in etere viola, fase acquosa sottostante blu) e Fenilefrina cloridrato (colorazione violetta non estratta dall’etere etilico, che rimane incolore). iii) Avviene con meccanismo molto simile al saggio del Biureto (formazione di complesso a base di Cu2);;;16;1
18;CLORAMMINA T (FENOTIAZINE);Preparare una soluzione della sostanza, sciogliendo circa 20 mg di sostanza in circa 1 ml di acqua. Aggiungere alla soluzione circa 20 mg di Clorammina T. Scaldare a b.m. e acidificare con acido cloridrico diluito (HCl 2N). Il saggio è positivo se si forma una colorazione rossa.;;;18;1
17;CLORAMMINA T & CH2Cl2 (BROMURI E IODURI);Sciogliere circa 20 mg di sostanza in 1-2 ml di H2O, acidificare con poche gocce di acido solforico diluito (H2SO4 2N). Aggiungere 2 ml di Cloramina T (ossidante), e successivamente 1 ml di diclorometano (CH2Cl2). Il saggio è positivo se si osserva una separazione in due fasi, e si osserva la fase organica (sottostante) colorata. Se arancio-bruno, il saggio identifica la presenza dei bromuri, se viola la presenza di ioduri.;;;17;1
76;CORALINA (ALC ISOCHINOLINICI);SOTTO CAPPA, OCCHIALI DI PROTEZIONE. Preparare una soluzione sciogliendo circa 20 mg di sostanza in circa 1 ml di anidride acetica. Aggiungere cautamente 2-3 gocce di acido solforico concentrato (H2SO4). Scaldare a b.m. per qualche minuto. Il saggio è positivo se si sviluppa fluorescenza verde (osservabile alla lampada UV con λ = 365 nm, con protezione). Note: i) Il saggio è positivo per Papaverina cloridrato.;saggio_coralina.png;;76;1
19;DENIGES & KMnO4 (CITRATI);SOTTO CAPPA, OCCHIALI DI PROTEZIONE. Preparare una soluzione acquosa della sostanza, sciogliendo circa 50 mg in 1-2 ml di acqua. Aggiungere 2 gocce del reattivo di Deniges (fare attenzione, contiene Mercurio). Scaldare a b.m. (sotto cappa!) per qualche minuto e poi aggiungere alcune gocce (iniziare con una sola goccia!) di una soluzione acquosa 0,1M (3%) di permanganato di potassio (KMnO4), già pronta, senza agitare. Il saggio è positivo se si osserva decolorazione, accompagnata dalla formazione di un precipitato bianco (che si può presentare anche dopo alcuni minuti. Note: i) Il saggio è positivo per Acido citrico, Litio citrato,Sodio citrato di sodio e Potassio citrato. ii) Il saggio è positivo per Clorbutanolo. iii) Il precipitato può presentarsi anche dopo alcuni minuti, in caso di dubbi tenere la provetta in oservazione per un po’;saggio_deniges.png;;19;1
23;FeCl3 (ALCOLI AROMATICI, AA, SALICILATI, …);Preparare una soluzione acquosa della sostanza in esame, sciogliendo circa 20 mg di sostanza in circa 1-2 ml di H2O o EtOH. Aggiungere alcune gocce (fino a 0,5 ml) di una soluzione acquosa (8%) di FeCl3, ed osservare l’eventuale colorazione.;saggio_cloruro_ferrico.png;;23;1
24;FeCl3 + HCl o H2SO4 (FENAZONE E PROPIFENAZONE);"Preparare una soluzione sciogliendo circa 20 mg di sostanza in acqua (o in miscela etanolo-acqua con rapporto 1:1). Aggiungere qualche goccia di una soluzione acquosa (8%) di FeCl3. Il saggio è positivo se si forma una colorazione rosso-marrone. Per distinguere se si tratta di Fenazone o Propifenazone, dividere in due aliquote la soluzione ed aggiungere acido cloridrico diluito (HCl 2N) o acido solforico diluito (H2SO4 2N). Se la colorazione diventa gialla per aggiunta di HCl si tratta di Propifenazone; se la colorazione svanisce per aggiunta di H2SO4 si tratta di Fenazone.";saggio_cloruro_ferrico.png;;24;1
25;FeCl3-CONC (BENZOATI & SALICILATI);Preparare una soluzione acquosa della sostanza in esame, sciogliendo circa 20 mg di sostanza in circa 1-2 ml di H2O o EtOH. Aggiungere alcune gocce (fino a 0,5 ml) di una soluzione acquosa (8%) di FeCl3, ed osservare l’eventuale colorazione;saggio_cloruro_ferrico.png;;25;1
27;FENTON: FeSO4 + H2O2 (TARTRATI);Preparare una soluzione acquosa di FeSO4 (1%), pesando una piccola quantità di FeSO4 ed aggiungendo il volume di acqua corrispondente. Preparare una soluzione acquosa della sostanza, sciogliendo circa 25 mg in 2 ml di acqua. Aggiungere 1-2 gocce della soluzione di FeSO4 e 1-2 gocce di acqua ossigenata al 3% (H2O2). In presenza di tartrati si ottiene una colorazione giallina, che tende a scomparire. Aggiungere idrossido di sodio diluito (NaOH 2N), goccia a goccia, osservando la formazione graduale di una colorazione viola. Note: i) La soluzione acquosa di FeSO4 può essere preparata una tantum nel pomeriggio ed utilizzata per più saggi. ii) Per i sali la colorazione viola può comparire anche senza l’aggiunta di NaOH. iii) Il saggio è positivo per Tartrato di potassio, Tartrato di sodio e Acido tartarico. iv) prestare attenzione a non ossidare troppo, in quanto il complesso è a base di Fe2+.;saggio_fenton.png;;27;1
28;FeSO4 & H2SO4 (NITRATI);SOTTO CAPPA IN ASPIRAZIONE, CON OCCHIALI DI PROTEZIONE E GUANTI. Sciogliere circa 20 mg di sostanza in circa 1-2 ml di H2O ed aggiungere circa 1 ml di soluzione di solfato ferroso FeSO4, preparata al momento mettendo una punta di spatola di FeSO4 solido in 1-2 ml di H2O. Prelevare con la pipetta circa 1 ml di acido solforico concentrato (H2SO4) e, lentamente e tenendo la provetta inclinata a circa 45°, aggiungere l’acido goccia a goccia contro il vetro della provetta. Si osserverà una separazione tra fasi, in cui l’acido è nella fase sottostante. Il saggio è positivo se si nota all’interfaccia tra le due fasi la formazione di un anello bruno molto labile, dovuto a complessi ferro-nitrosilici. Note: i) NON AGITARE LA PROVETTA!! ii) Nonostante la F.U. riporti la procedura opposta, con l’aggiunta iniziale di acido e poi della soluzione di FeSO4, riteniamo più prudente che il saggio venga eseguito come descritto.;;;28;1
29;FILO Ni-Cr;Preparare una piccola aliquota di sostanza in un vetrino da orologio. Immergere il filo di Ni-Cr in acido cloridrico concentrato (HCl Conc), e subito dopo passare il filo a contatto con la sostanza, in modo da prelevarne una piccola quantità (qualche cristallo) (anche il passaggio del filo prima sulla sostanza e poi in HCl va bene). Porre il filo di Ni-Cr sulla fiamma del bunsen, prima alla base della fiamma e poi nella zona più alta di fusione. L’eventuale colorazione alla fiamma permette di identificare i cationi: Na+, K+, Li+, Ca2+, Ba2+ secondo le seguenti indicazioni:;;;29;1
30;GIBBS (PIRIDOSSINA);Preparare una soluzione sciogliendo circa 50 mg di sostanza in 1 ml di una soluzione (5%) di sodio acetato (CH3COONa). Aggiungere 1 ml di reattivo di Gibbs. Il saggio è positivo se si ottiene una colorazione verde-blu.;saggio_gibbs.png;;30;1
31;GRANDEZZE FISICHE (PUNTO FUSIONE);;;;31;0
32;H2SO4 & DILUIZIONE H2O (STEROIDI);SOTTO CAPPA, OCCHIALI DI PROTEZIONE. Disporre circa 10-20 mg di sostanza in una provetta asciutta, ed aggiungere cautamente 2 ml di acido solforico concentrato (H2SO4). Osservare la colorazione che si sviluppa. Aggiungere, con molta cautela, circa 1 ml di acqua, facendola scendere sulle pareti della provetta (inclinata), ed osservare l’eventuale cambiamento nella colorazione. Aggiungere, sempre cautamente, altri 4 ml di acqua, ed osservare le modificazioni della colorazione della soluzione. Infine, verificare eventuale fluorescenza alla lampada UV a λ = 365 nm con schermo protettivo. Di seguito, i risultati attesi per i diversi steroidi;;;32;1
34;H2SO4-DIL + FLUORESCENZA (ALC CHINOLINICI);Preparare una soluzione della sostanza, sciogliendo circa 2 mg di sostanza in circa 5 ml di acido solforico diluito (H2SO4 2N). Il saggio è positivo se si sviluppa fluorescenza blu (osservabile alla lampada UV con λ = 365 nm, con schermo di protezione), che scompare con l’aggiunta di 1 ml di acido cloridrico diluito (HCl 2N). Note: i) Chinina e Chinidina danno saggio positivo, ma per la Clorochina il saggio è negativo.;;;34;1
35;HCl + BaCl2 (SOLFATI);Sciogliere circa 20 mg di sostanza in circa 2 ml di H2O (se insolubile in H2O, l’importante è che alla fine la soluzione sia neutra, quindi eventualmente neutralizzare usando soluzioni di NaOH e/o HCl, e controllare il pH). Aggiungere 1-2 ml di acido cloridrico diluito (HCl 2N) e successivamente circa 1 ml di una soluzione acquosa al 6% di cloruro di bario (BaCl2). In presenza di ione solfato, si ha la formazione di solfato di bario, altamente insolubile in acido cloridrico, anche a caldo. Il saggio è positivo se si forma un ppt bianco di BaSO4;;;35;1
38;HNO3 + AgNO3 (ACIDO ASCORBICO);;;;38;0
37;HNO3-CONC (FENOTIAZINE);SOTTO CAPPA, OCCHIALI DI PROTEZIONE. Preparare una soluzione della sostanza, sciogliendo circa 20-50 mg di sostanza in circa 1 ml di acqua. Aggiungere, goccia a goccia, circa 1 ml di acido nitrico concentrato (HNO3). Il saggio è positivo se si forma un precipitato che si scioglie, dando luogo ad una colorazione rossa che vira all’arancio e poi al giallo, con contemporanea formazione di un ppt rosso-arancio. Note: i) Anche per Imipramina cloridrato il saggio è positivo, ma con intensa colorazione blu.;;;37;1
39;IDROSSILAMMINA (ESTERI & AMMIDI);"Preparare una soluzione della sostanza, sciogliendo circa 30 mg di sostanza nel minor volume possibile di acqua o etanolo. Aggiungere 0,5 ml del reattivo della soluzione acquosa (7%) di idrossilammina cloridrato (anche chiamato cloruro di idrossilammonio, cioè un sale composto da NH3OH+ e Cl-), e qualche ml di idrossido di sodio diluito (NaOH 2N), fino ad avere un viraggio alcalino (controllare mediante cartina tornasole, e poi aggiungere 3 gocce di NaOH in eccesso). Scaldare a b.m. per 2 minuti e poi lasciare raffreddare. Aggiungere quindi acido cloridrico 6N, goccia a goccia, fino ad ottenere pH=3. Aggiungere quindi 2-3 gocce di una soluzione acquosa (8%) di cloruro di ferro (FeCl3). L’idrossilammina (ottenuta dall’equilibrio con l’idrossilammonio) agisce come nucleofilo, attaccando il carbonile, formando un derivato capace di formare un complesso con lo ione Fe3+. Il saggio è positivo se si ottiene una colorazione, che può variare a seconda della sostanza in esame da rosso-bruna fino a viola intenso. Note: i) Si tratta di un saggio molto sensibile al pH. ii) Danno saggio positivo molte sostanze che reagiscono con FeCl3. iii) Tra le sostanze con gruppo ammidico che danno saggio positivo vi sono il Calcio pantotenato (generalmente si ottiene una colorazione rossa ma sono stati osservati anche colori più scuri), l’Indometacina (viola), la Nicotinammide e le penicilline; queste ultime però non vengono studiate perché possibili causa di allergie. Altre sostanze con gruppo ammidico che non studieremo sono i barbiturici.";saggio_idrossilammina.png;;39;1
41;LASSAIGNE:ALOGENI;Da eseguire solo se N e S assenti: aggiungere HNO3 2N fino a pH = 0 (cartina tornasole rossa) e successivamente AgNO3 al 4%. Si osserva un ppt caseoso, il cui colore dipende dall’alogenuro coinvolto. In presenza di N o S: Lavorando sotto cappa, ad una aliquota della soluzione alcalina di Lassaigne aggiungere una pari quantità di acido nitrico HNO3 concentrato e porre la provetta a bagno maria per qualche minuto, in modo che possano liberarsi i gas corrispondenti (acido cianidrico, HCN) e acido solfidrico (H2S). Si procede poi come descritto in precedenza.;;;41;1
42;LASSAIGNE:AZOTO;"Per confermare l’identità dell’alogenuro, effettuare il test di solubilità con idrossido d’ammonio (NH4OH): aggiungere NH4OH diluito, ed osservare il comportamento; successivamente aggiungere NH4OH concentrato ed osservare il comportamento";;;42;1
43;LASSAIGNE:FOSFORO;"Tra i medicinali disponibili in laboratorio contenenti fosforo, tutte hanno il fosforo nel gruppo fosfato; è quindi preferibile eseguire i saggi direttamente sulla sostanza in esame per i fosfati inorganici, e non sulla soluzione alcalina di Lassaigne.";;;43;1
44;LASSAIGNE:ZOLFO;Alcuni ml di soluzione di Lassaigne (1-2 ml) vengono trattati con un cristallino di Na-Nitroprussiato. Il saggio è positivo se si sviluppa un’intensa colorazione rosso-violetta (anche se a volte tende a scomparire).;;;44;1
45;LIEBERMANN (FENOLI p-LIBERA);SOTTO CAPPA, CON OCCHIALI DI PROTEZIONE! Preparare il reattivo di Liebermann sciogliendo 20 mg di nitrito di sodio (NaNO2) in circa 1 ml di acido solforico diluito (H2SO4 2N). Preparare una soluzione acquosa della sostanza in esame, sciogliendo circa 20 mg di sostanza in circa 1-2 ml di H2O. Aggiungere 2-3 gocce del reattivo appena preparato. In presenza di un derivato fenolico, con posizione para libera, si forma il corrispondente derivato dell’indofenolo (l’indofenolo è un indicatore di pH, rosso a pH acido e blu a pH basico). Il saggio quindi è positivo se si ottiene una colorazione rosso-bruna.;saggio_liebermann.png;;45;1
47;MILLON (FENOLI p-OCCUPATA);Preparare una soluzione della sostanza, sciogliendo circa 50 mg di sostanza in circa 2 ml di etanolo. Aggiungere 2 ml del reattivo di Millon. In presenza di un derivato fenolico, con posizione para occupata, si forma un precipitato giallo. Il saggio è positivo se, in seguito a riscaldamento a b.m., la soluzione si colora di rosso-viola. Inizialmente, la presenza nel reattivo dello ione nitrosonio causa la formazione di un nitroso-derivato, con il gruppo -N=O in posizione orto (essendo la para occupata). Grazie alla vicinanza dei due atomi di ossigeno la molecola può così interagire con gli ioni Hg2+ presenti nel reattivo di Millon, formando il complesso responsabile del colore rosso. Note: i) Si nota bene dopo raffreddamento. ii) Attenzione alla temperatura del b.m., che non sia troppo alta. iii) La vanillina dà reazione più lenta e può anche non formarsi la colorazione rossa;saggio_millon.png;;47;1
48;MOHLER (LATTATI E TARTRATI);SOTTO CAPPA, OCCHIALI DI PROTEZIONE. Prendere la capsula di porcellana e mettervi circa 20 mg di sostanza con circa 100 mg di resorcina. Aggiungere 1-2 ml di acido solforico concentrato (H2SO4) e scaldare alla fiamma diretta (bunsen). Il saggio è positivo se si ottiene una colorazione rosso intenso.;saggio_mohler.png;;48;1
36;MOLIBDICO & NH4OH (FOSFATI);Sciogliere circa 20 mg di sostanza in circa 1 ml di H2O (o in HCl diluito 2N) ed aggiungere circa 2 ml di reattivo molibdico, scaldando a lungo a b.m. Il saggio è positivo se si forma un precipitato giallo, che si scioglie aggiungendo idrossido d’ammonio diluito (NH4OH 2N). Note: Per fosfati organici (per esempio Calcio glicerofosfato) è necessaria una breve idrolisi di sostanza in pochi ml di acido nitrico (HNO3) concentrato a caldo (b.m. per 1 min), per poi eseguire il saggio sulla soluzione con il reattivo molibdico.;;;36;1
49;MOLISCH (CARBOIDRATI);SOTTO CAPPA, OCCHIALI DI PROTEZIONE e GUANTI. Preparare una soluzione acquosa della sostanza, sciogliendo circa 50 mg in 2 ml. Aggiungere 2 gocce di reattivo di Molisch (α-naftolo) e successivamente 2 ml di acido solforico concentrato (H2SO4), facendolo scendere lentamente lungo le pareti della provetta, in modo che stratifichi sul fondo. Il saggio è positivo se all’interfaccia si forma un anello di colorazione viola o verde.;saggio_molish.png;;49;1
50;MURESSIDE (XANTINE);"SOTTO CAPPA, OCCHIALI DI PROTEZIONE. Prendere la capsula di porcellana e mettervi circa 2-5 mg di sostanza con 1-2 gocce di acqua ossigenata al 30% (H2O2 30%) e 2-3 gocce di acido cloridrico diluito (HCl 2N). Scaldare alla fiamma diretta (bunsen), e dopo evaporazione, in presenza di xantine, si ottiene un residuo rosso-giallastro (formazione dell’alloxantina; già indice di saggio positivo). Dopo raffreddamento aggiungere in capsula qualche goccia di idrossido di ammonio diluito (NH4OH 2N); il saggio si conferma positivo se si ottiene una colorazione intensa rosso-porpora (muresside o porporato d’ammonio). Note: i) Mescolare con la bacchetta di vetro (sotto cappa, facendo attenzione a non carbonizzare) per eliminare i fumi. ii) Si tratta di una reazione di ossidazione e condensazione, con distruzione dell’anello imidazolico. iii) La muresside corrisponde al prodotto che si ottiene partendo dalla xantina (nessun N-CH3).";saggio_muresside.png;;50;1
33;NaNO2 + H2SO4 (FENAZONE);Preparare una soluzione sciogliendo circa 20 mg di sostanza in 4 ml di acqua. Aggiungere poche gocce di acido solforico diluito (H2SO4 2N) ed 1 ml di soluzione acquosa (10%) di nitrito di sodio (NaNO2), preparata al momento. Il saggio è positivo se si sviluppa una intensa colorazione verde scuro.;;;33;1
51;NH4OH & Na2HPO4 (MAGNESIO);Sciogliere circa 20 mg di sostanza in circa 2 ml di H2O (o di HNO3 2N, neutralizzato fino a pH=7 mediante NaOH 2N). Aggiungere (circa) 1-2 ml di NH4OH 6N. In presenza di Magnesio si ha la formazione dell’idrossido di magnesio, Mg(OH)2, riconoscibile come precipitato gelatinoso bianco. Poiché in soluzione è presente anche lo ione NH4+, in seguito ad aggiunta di NH4Cl 10% l’equilibrio si sposta e il precipitato si scioglie. Aggiungere 1-2 ml di sodio fosfato acido (9% acq.), Na2HPO4. Il saggio è positivo se si forma un precipitato bianco cristallino di fosfato ammonio-magnesiaco (NH4)MgPO4;;;51;1
52;NH4OH B.M. (LATTOSIO);Preparare una soluzione 7N (circa) di idrossido di ammonio, mescolando 1 ml di acqua e 1 ml di idrossido di ammonio concentrato (NH4OH 14N). Sciogliervi circa 50 mg di sostanza e scaldare a b.m. a lungo. Il saggio è positivo se si osserva una colorazione rossa.;;;52;1
53;NINIDRINA (AMINOACIDI);Inserire in una provetta circa 1 ml di soluzione etanolica di ninidrina (già pronta) ed aggiungervi circa 50 mg di sostanza. Scaldare a b.m. per qualche minuto, facendo attenzione. In presenza di α-aminoacidi si ha una reazione di condensazione tra l’amminoacido e due molecole di ninidrina. Il saggio è positivo se si sviluppa una colorazione intensa blu-viola. Note: i) Diversi amminoacidi danno origine a diverse aldeidi (come prodotto di reazione), ma il prodotto responsabile del colore della soluzione è lo stesso per tutti, salvo alcune eccezioni: Prolina e Idrossiprolina danno una colorazione gialla, Cisteina cloridrato da una colorazione rosso-intenso. ii) Alcuni sali di ammonio possono dare reazione positiva, alcune ammine aromatiche possono dare colorazioni giallo-arancio, mentre l’Efedrina HCl dà colorazione viola chiaro;saggio_ninidrina.png;;53;1
54;ORGANOLETTICA;;;;54;0
55;OSSALATO AMMONIO (CALCIO);Sciogliere circa 20 mg di sostanza in circa 2 ml di acido acetico CH3COOH 2N. Aggiungere una soluzione di ossalato di ammonio (4% acq.). In presenza di Calcio si ha la formazione di ossalato di calcio, Ca(COO)2, che forma un precipitato bianco, grazie alla formazione di un complesso tra il catione Ca2+ e lo ione ossalato(COO)22-, che è uno ione bidentato. Note: Per il Calcio gluconato il saggio è negativo. ;;;55;1
4;OSSIDAZIONE ACQUA DI BROMO;Sciogliere circa 10-20 mg di sostanza in circa 5 ml di H2O ed aggiungere qualche goccia del reattivo chiamato “acqua di bromo”, che ha una tipica colorazione arancio-bruna. Il saggio è positivo se la soluzione si decolora. Misurando il pH si possono avere informazioni aggiuntive: pH acido è indice della formazione di acido bromidrico (HBr) e può indicare la presenza nella molecola di una porzione aromatica.;acqua_di_bromo.png;;4;1
26;OSSIDAZIONE FEHLING;Sciogliere circa 50 mg di sostanza in circa 1-2 ml di acqua. Preparare il reattivo di Fehling mescolando in una seconda provetta una quantità pari (circa 1 ml) di due reattivi (Fehling A e Fehling B). Il reattivo A è una soluzione acquosa di solfato di rame (CuSO4) mentre il reattivo B è una soluzione basica di tartrato si sodio e potassio. In soluzione il rame funge da ossidante, e la preparazione al momento permette di essere protetto dal tartrato e di non precipitare sotto forma di idrossido. Unire la soluzione di Fehling alla soluzione della sostanza. Scaldare la soluzione risultante a b.m. per alcuni minuti. Il saggio è positivo se si osserva una decolorazione della soluzione (inizialmente blu), e formazione di una colorazione rosso-mattone (con precipitato), dell’ossido rameoso (Cu2O) in cui il rame è nella forma CuI.;saggio_fehling.png;;26;1
40;OSSIDAZIONE KMnO4;Sciogliere circa 20 mg di sostanza in circa 2 ml di acido solforico diluito (H2SO4 2N) ed aggiungere poche gocce di una soluzione 0,1 M di permanganato di potassio (KMnO4), che ha una tipica colorazione viola. Il saggio è positivo se la soluzione si decolora, o se si ha una colorazione marrone o marrone-chiaro (anche con eventuale precipitato di ossido di manganese, MnO2). Note: i) La reazione è istantanea, se avviene lentamente il saggio va considerato negativo.;saggio_bayer.png;;40;1
56;PROVA AL COCCIO;;;;56;0
58;RESORCINA & FLUORESCENZA (SACCARINA E SALI);SOTTO CAPPA, OCCHIALI DI PROTEZIONE. Prendere la capsula di porcellana e mettervi circa 10 mg di sostanza con circa 10 mg di resorcina. Aggiungere circa 0,5 ml di acido solforico concentrato (H2SO4 conc) e scaldare alla fiamma diretta (bunsen), evitando la carbonizzazione. Preparare 10 ml di una soluzione leggermente alcalina (NaOH 1N) mescolando H2O e NaOH 2N in proporzione 1:1. Raffreddare, trasferire in provetta, cautamente, versare lungo le pareti la soluzione alcalina preparata, controllando il pH (procedere fino a pH basico). Il saggio è positivo se si sviluppa una colorazione intensa verde che dà fluorescenza alla lampada UV a λ = 365 nm con schermo protettivo.;;;58;1
59;RESORCINA + NaOH (CLORALIO IDRATO);;;;59;0
60;RIDUZIONE GRUPPO NITRO (NO2-Ar);;;;60;0
10;SAGGIO BIURETO;"Preparare una soluzione della sostanza, sciogliendo circa 20 mg di sostanza in circa 1-2 ml di acqua. Aggiungere 1-2 gocce di soluzione acquosa (12%) di solfato di rame (CuSO4). In presenza di aminoacidi (sia α-aminoacidi che β-aminoacidi) si ha la formazione di complessi dello ione rame(II), in cui CuII è “chelato” dagli atomi di ossigeno ed azoto della sostanza. Il saggio è positivo se si sviluppa una colorazione blu intensa (in alcuni casi celeste o azzurra), che vira e si intensifica per alcalinizzazione con idrossido di sodio diluito (NaOH 2N). Note: i) Per Calcio pantotenato il saggio è positivo se si aggiunge alla soluzione acquosa 1 ml di idrossido di sodio diluito (NaOH 2N); la colorazione risultante è blu che vira all’azzurro acidificando con HCl 2N. ii) Per Efedrina cloridrato il saggio è positivo con colorazione violetta. iii) Per i sulfamidici, usare condizioni leggermente diverse: circa 20 mg di sostanza solubilizzati in 5 ml di H2O e poche gocce di idrossido di sodio diluito (NaOH 2N): all’aggiunta del solfato di rame (1-2 gocce) si ottengono colorazioni diverse (con eventuale ppt) che variano dal celeste (Sulfaguanidina, Sulfanilammide) all’azzuro-grigio (Sulfametossipiridazina), passando per verde che vira al rosso-mattone (Sulfametazina), al marrone (Sulfatiazolo), all’azzurro-grigio (Ftalilsulfatiazolo), al grigio-marrone (Sulfadiazina), o grigio-verde che vira al marrone (Sulfamerazina).";;;10;1
62;SAGGIO LEGAL (ACIDO ASCORBICO);Preparare una soluzione della sostanza, sciogliendo circa 50 mg di sostanza in 1 ml di acqua. Aggiungere 2 ml di idrossido di sodio diluito (NaOH 2N) e qualche cristallo (poco!) di sodio nitroprussiato. Il saggio è positivo se si forma una colorazione gialla (o giallo-bruna, attenzione a quanto reattivo si aggiunge) che, in seguito ad aggiunta (goccia a goccia) di acido cloridrico diluito (HCl 2N) vira al blu-viola;;;62;1
64;SELIWANOFF (CHETOESOSI);Preparare una soluzione concentrata della sostanza, sciogliendo circa 500 mg in 1 ml di acqua. Aggiungere 500 mg di resorcina (prelevare dal banco dei reattivi solidi) e 5 ml di acido cloridrico diluito (HCl 2N). Scaldare a b.m. per circa 2 minuti. Il saggio è positivo se si osserva la formazione di una colorazione rossa.;saggio_seliwanoff.png;;64;1
65;SOLUBILITA ACQUA;Prelevare una aliquota di sostanza (10-50 mg ca.) ed introdurla in una provetta da saggio, valutando la sua solubilità in 2-4 ml di H2O;;;65;0
66;SOLUBILITA ETOH;Prelevare una aliquota di sostanza (10-50 mg ca.) ed introdurla in una provetta da saggio, valutando la sua solubilità in 2-4 ml di EtOH;;;66;0
67;SOLUBILITA HCL;Prelevare una aliquota di sostanza (10-50 mg ca.) ed introdurla in una provetta da saggio, valutando la sua solubilità in 2-4 ml di HCl 2N;;;67;0
68;SOLUBILITA NaHCO3;Prelevare una aliquota di sostanza (10-50 mg ca.) ed introdurla in una provetta da saggio, valutando la sua solubilità in 2-4 ml di NaHCO3;;;68;0
69;SOLUBILITA NAOH;Prelevare una aliquota di sostanza (10-50 mg ca.) ed introdurla in una provetta da saggio, valutando la sua solubilità in 2-4 ml di NaOH 2N;;;69;0
70;SPETTROSCOPIA;;;;70;0
71;TALLEIOCHINA (ALC CHINOLINICI);Preparare una soluzione sciogliendo circa 5 mg di sostanza in 5 ml di acqua. Aggiungere qualche goccia del reattivo Acqua di Bromo e 1 ml di NH4OH 2N. Il saggio è positivo se si sviluppa un’intensa colorazione verde smeraldo chiaro.;;;71;1
57;TIOCROMO (TIAMINA HCl);Preparare una soluzione della sostanza, sciogliendo circa 10-20 mg di sostanza in circa 2 ml di acqua. Aggiungere 0,5 ml di acido acetico diluito (CH3COOH 2N) e 1 ml di idrossido di sodio diluito (NaOH 2N). Scaldare a b.m. per 30 minuti. Aggiungere alla soluzione 3 ml di una soluzione acquosa (5%) di potassio-ferricianuro (ossidante blando), preparata al momento, 2 ml di NaOH 2N e 3 ml di alcool n-butilico (butanolo). Agitare (con attenzione!) la provetta per 2 minuti. Il saggio è positivo se si osserva fluorescenza azzurra dello strato alcolico, con lampada UV a λ = 365 nm e schermo protettivo. Note: i) Il saggio è positivo per la Tiamina cloridrato. ii) Soluzione di K-ferricianuro utilizzabile per più saggi.;saggio_tiocromo.png;;57;1
22;TTC (STEROIDI);Preparare una soluzione sciogliendo circa 50 mg di sostanza in circa 2 ml di etanolo. Aggiungere qualche goccia di una soluzione acquosa (10%) di Tetrametilammonio idrossido (N(CH3)4OH) ed 1 ml di una soluzione 5g/L in etanolo di Trifenil-Tetrazolio cloruro (TTC), già pronta. Il saggio è positivo se si osserva una colorazione rossa. Note: i) Il saggio coinvolge l’ossidazione del gruppo OH legato alla posizione 21 (prednisone e molti altri). ii) Altre sostanze danno il saggio positivo, come alcuni zuccheri e l’acido ascorbico;saggio_ttc.png;;22;1
72;UREA & FLUORESCENZA (CITRATI);;;;72;0
73;VANILLINA (ISONIAZIDE);Preparare una soluzione sciogliendo circa 20 mg di sostanza in 1-2 ml di acqua. Aggiungere 2 ml di una soluzione acquosa (1%) di Vanillina, preparata al momento con acqua calda. Lasciare a b.m. per qualche minuto. Lasciare a riposo, e favorire la cristallizzazione di un derivato giallo, fregando con la bacchetta di vetro le pareti interne della provetta. Filtrare e, dopo aver atteso l’essiccazione del solido, misurare il punto di fusione. Il saggio è positivo se per il punto di fusione si ottiene un valore intorno a 227°C.;saggio_vanillina.png;;73;1
74;VITALI-MORIN;SOTTO CAPPA, OCCHIALI DI PROTEZIONE. Prendere la capsula di porcellana, mettervi circa 5-10 mg di sostanza ed aggiungere 0,5 ml di acido nitrico (HNO3) concentrato. Portando alla fiamma diretta (bunsen), facendo attenzione a non far carbonizzare, si ha una “ossidazione distruttiva” della sostanza. Dopo raffreddamento, sciogliere il residuo giallastro in 2 ml di acetone, ed aggiungere alcune gocce di una soluzione etanolica (3%) di idrossido di potassio (KOH). Il saggio è positivo se si ottiene una colorazione rosso-viola. Note: i) Il saggio, inizialmente identificato da Vitali per gli alcaloidi tropanici (Atropina, Omatropina, Scopolamina …), è in realtà poco selettivo: danno saggio positivo anche gli anestetici locali cloridrati (Procaina, Lidocaina, Tetracaina), le penicilline (che però non studiamo in lab) e la Procainamide (antiaritmico). ii) Per la Lidocaina si ottiene una colorazione giallo-verde;saggio_vitali_morin.png;;74;1
75;ZINKE-KONIG (PIRIDINE);"SOTTO CAPPA, CON OCCHIALI DI PROTEZIONE. Prendere la capsula di porcellana e mettervi circa 10 mg di sostanza, aggiungendo una pari quantità (10 mg) di 2,4-dinitroclorobenzene. Portare alla fiamma diretta (bunsen) per pochissimo tempo (pochi secondi), affinché si abbia fusione di entrambe le sostanze. Dopo raffreddamento aggiungere 1-2 ml di una soluzione (3%) in etanolo di Idrossido di potassio (KOH). Il saggio è positivo se si osserva una colorazione rossa intensa. Note: i) Danno il saggio positivo Acido nicotinico, Isoniazide, Nicotinammide e Piridossina cloridrato (con colorazione arancio in sospensione). ii) Anche molecole con anelli aromatici diversi danno saggio positivo: Acido nalidissico (con colorazione verde-marrone); Econazolo nitrato (colorazione gialla).";saggio_zinke_konig.png;;75;1