Saggio,Molecola,Esito
AMMINE TERZIARIE (ACIDO CITRICO E ANIDRIDE ACETICA),FENOTIAZINA,NEGATIVO
ACIDO OSSALICO (ACETATI),PREDNISONE,NEGATIVO
ACIDO OSSALICO (ACETATI),SODIO CITRATO,NEGATIVO
ACIDO OSSALICO (ACETATI),IDROCORTISONE ACETATO,POSITIVO
ACIDO OSSALICO (ACETATI),SODIO ACETATO,POSITIVO
ACQUA DI BROMO (FENOTIAZINE),CLORPROMAZINA HCl,POSITIVO
ACQUA DI BROMO (FENOTIAZINE),PROMETAZINA HCl,POSITIVO
OSSIDAZIONE ACQUA DI BROMO,CLORBUTANOLO,NEGATIVO
OSSIDAZIONE ACQUA DI BROMO,DAPSONE,NEGATIVO
OSSIDAZIONE ACQUA DI BROMO,IDROCORTISONE,NEGATIVO
OSSIDAZIONE ACQUA DI BROMO,METRONIDAZOLO,NEGATIVO
OSSIDAZIONE ACQUA DI BROMO,POTASSIO TARTRATO,NEGATIVO
OSSIDAZIONE ACQUA DI BROMO,ACIDO ASCORBICO,POSITIVO
OSSIDAZIONE ACQUA DI BROMO,ACIDO SORBICO,POSITIVO
OSSIDAZIONE ACQUA DI BROMO,CAFFEINA,POSITIVO
OSSIDAZIONE ACQUA DI BROMO,CHINIDINA SOLFATO,POSITIVO
OSSIDAZIONE ACQUA DI BROMO,IDROCLOROTIAZIDE,POSITIVO
OSSIDAZIONE ACQUA DI BROMO,POTASSIO SORBATO,POSITIVO
OSSIDAZIONE ACQUA DI BROMO,PROPIFENAZONE,POSITIVO
OSSIDAZIONE ACQUA DI BROMO,SACCARINA SODICA,POSITIVO
OSSIDAZIONE ACQUA DI BROMO,SULFADIAZINA,POSITIVO
OSSIDAZIONE ACQUA DI BROMO,SULFAGUANIDINA,POSITIVO
OSSIDAZIONE ACQUA DI BROMO,TEOBROMINA,POSITIVO
OSSIDAZIONE ACQUA DI BROMO,TIAMINA HCl,POSITIVO
OSSIDAZIONE ACQUA DI BROMO,VANILLINA,POSITIVO
AgNO3 & NH4OH (FOSFATI),ACIDO NICOTINICO,NEGATIVO
AgNO3 & NH4OH (FOSFATI),BENZOCAINA,NEGATIVO
AgNO3 & NH4OH (FOSFATI),CALCIO PANTOTENATO,NEGATIVO
AgNO3 & NH4OH (FOSFATI),NICOTINAMIDE,NEGATIVO
AgNO3 & NH4OH (FOSFATI),SODIO CITRATO,NEGATIVO
AgNO3 & NH4OH (FOSFATI),SODIO P-AMMINO SALICILATO,NEGATIVO
AgNO3 & NH4OH (FOSFATI),CALCIO GLICEROFOSFATO,POSITIVO
AgNO3 & NH4OH (FOSFATI),DESAMETASONE SODIO FOSFATO,POSITIVO
AgNO3 (ALOGENURI),ACIDO ASCORBICO,NEGATIVO
AgNO3 (ALOGENURI),ACIDO CITRICO,NEGATIVO
AgNO3 (ALOGENURI),ACIDO NICOTINICO,NEGATIVO
AgNO3 (ALOGENURI),ACIDO SORBICO,NEGATIVO
AgNO3 (ALOGENURI),BENZOCAINA,NEGATIVO
AgNO3 (ALOGENURI),CAFFEINA,NEGATIVO
AgNO3 (ALOGENURI),CHINIDINA SOLFATO,NEGATIVO
AgNO3 (ALOGENURI),FENAZONE,NEGATIVO
AgNO3 (ALOGENURI),FENILALANINA,NEGATIVO
AgNO3 (ALOGENURI),FTALILSULFATIAZOLO,NEGATIVO
AgNO3 (ALOGENURI),GLICINA,NEGATIVO
AgNO3 (ALOGENURI),MANNITOLO,NEGATIVO
AgNO3 (ALOGENURI),METILPARABEN,NEGATIVO
AgNO3 (ALOGENURI),NICOTINAMIDE,NEGATIVO
AgNO3 (ALOGENURI),PROLINA,NEGATIVO
AgNO3 (ALOGENURI),PROPIFENAZONE,NEGATIVO
AgNO3 (ALOGENURI),SODIO CITRATO,NEGATIVO
AgNO3 (ALOGENURI),SULFADIAZINA,NEGATIVO
AgNO3 (ALOGENURI),SULFAMERAZINA,NEGATIVO
AgNO3 (ALOGENURI),TEOBROMINA,NEGATIVO
AgNO3 (ALOGENURI),CISTEINA HCl,POSITIVO
AgNO3 (ALOGENURI),CLORPROMAZINA HCl,POSITIVO
AgNO3 (ALOGENURI),DIFENIDRAMINA HCl,POSITIVO
AgNO3 (ALOGENURI),EFEDRINA HCl,POSITIVO
AgNO3 (ALOGENURI),IMIPRAMINA HCl,POSITIVO
AgNO3 (ALOGENURI),LIDOCAINA HCl,POSITIVO
AgNO3 (ALOGENURI),LISINA HCl,POSITIVO
AgNO3 (ALOGENURI),METFORMINA HCl,POSITIVO
AgNO3 (ALOGENURI),PROCAINA HCl,POSITIVO
AgNO3 (ALOGENURI),PROMETAZINA HCl,POSITIVO
AgNO3 (ALOGENURI),TIAMINA HCl,POSITIVO
AgNO3 (ALOGENURI),CLORBUTANOLO,POSITIVO
AgNO3 (ALOGENURI),ECONAZOLO NITRATO,POSITIVO
AgNO3 (ALOGENURI),FUROSEMIDE,POSITIVO
AgNO3 (XANTINE),CAFFEINA,NEGATIVO
AgNO3 (XANTINE),TEOBROMINA,POSITIVO
AgNO3 (XANTINE),TEOFILLINA,POSITIVO
BASE SCHIFF (SULFAMIDICI),CHINIDINA SOLFATO,NEGATIVO
BASE SCHIFF (SULFAMIDICI),IDROCLOROTIAZIDE,NEGATIVO
BASE SCHIFF (SULFAMIDICI),INDOMETACINA,NEGATIVO
BASE SCHIFF (SULFAMIDICI),SUCRALOSIO,NEGATIVO
BASE SCHIFF (SULFAMIDICI),TIAMINA HCl,NEGATIVO
BASE SCHIFF (SULFAMIDICI),FTALILSULFATIAZOLO,POSITIVO
BASE SCHIFF (SULFAMIDICI),SULFADIAZINA,POSITIVO
BASE SCHIFF (SULFAMIDICI),SULFAGUANIDINA,POSITIVO
BASE SCHIFF (SULFAMIDICI),SULFAMERAZINA,POSITIVO
BASE SCHIFF (SULFAMIDICI),SULFANILAMIDE,POSITIVO
BASE SCHIFF (SULFAMIDICI),SULFATIAZOLO,POSITIVO
BIURETO CUSO4 + HCL (CALCIO PANTOTENATO),CALCIO GLICEROFOSFATO,NEGATIVO
BIURETO CUSO4 + HCL (CALCIO PANTOTENATO),CALCIO LATTATO,NEGATIVO
BIURETO CUSO4 + HCL (CALCIO PANTOTENATO),POTASSIO TARTRATO,NEGATIVO
BIURETO CUSO4 + HCL (CALCIO PANTOTENATO),CALCIO PANTOTENATO,POSITIVO
SAGGIO BIURETO,METFORMINA HCl,NEGATIVO
SAGGIO BIURETO,PROCAINAMMIDE HCl,NEGATIVO
SAGGIO BIURETO,ACETILCISTEINA,POSITIVO
SAGGIO BIURETO,ALANINA,POSITIVO
SAGGIO BIURETO,FENILALANINA,POSITIVO
SAGGIO BIURETO,TREONINA,POSITIVO
BORACE & FENOLFTALEINA (POLIALCOLI),MANNITOLO,POSITIVO
BORACE & FENOLFTALEINA (POLIALCOLI),SACCAROSIO,POSITIVO
BORACE & FENOLFTALEINA (POLIALCOLI),SORBITOLO,POSITIVO
AMMINE TERZIARIE (BOUCHARDAT),BENZOCAINA,NEGATIVO
AMMINE TERZIARIE (BOUCHARDAT),FENOTIAZINA,NEGATIVO
AMMINE TERZIARIE (BOUCHARDAT),CHININA SOLFATO,POSITIVO
AMMINE TERZIARIE (BOUCHARDAT),FENAZONE,POSITIVO
AMMINE TERZIARIE (BOUCHARDAT),ISONIAZIDE,POSITIVO
AMMINE TERZIARIE (BOUCHARDAT),LIDOCAINA HCl,POSITIVO
AMMINE TERZIARIE (BOUCHARDAT),METFORMINA HCl,POSITIVO
AMMINE TERZIARIE (BOUCHARDAT),NICOTINAMIDE,POSITIVO
AMMINE TERZIARIE (BOUCHARDAT),PROBENECID,POSITIVO
AMMINE TERZIARIE (BOUCHARDAT),PROCAINA HCl,POSITIVO
AMMINE TERZIARIE (BOUCHARDAT),PROCAINAMMIDE HCl,POSITIVO
BOUCHARDAT IN AMB BASICO (LATTATI),CALCIO GLICEROFOSFATO,NEGATIVO
BOUCHARDAT IN AMB BASICO (LATTATI),SODIO CITRATO,NEGATIVO
BOUCHARDAT IN AMB BASICO (LATTATI),SUCRALOSIO,NEGATIVO
BOUCHARDAT IN AMB BASICO (LATTATI),CALCIO LATTATO,POSITIVO
BOUCHARDAT IN AMB BASICO (CLORBUTANOLO),CLORBUTANOLO,POSITIVO
CaCl2 IN AMB BASICO (CITRATI),MANNITOLO,NEGATIVO
CaCl2 IN AMB BASICO (CITRATI),SUCRALOSIO,NEGATIVO
CaCl2 IN AMB BASICO (CITRATI),ACIDO CITRICO,POSITIVO
CaCl2 IN AMB BASICO (CITRATI),ACIDO TARTARICO,POSITIVO
CaCl2 IN AMB BASICO (CITRATI),LITIO CITRATO,POSITIVO
CaCl2 IN AMB BASICO (CITRATI),POTASSIO CITRATO,POSITIVO
CaCl2 IN AMB BASICO (CITRATI),POTASSIO TARTRATO,POSITIVO
CaCl2 IN AMB BASICO (CITRATI),SODIO CITRATO,POSITIVO
CHEN-KAO (FENIL-ALCHIL-AMMINE),EFEDRINA HCl,POSITIVO
CHEN-KAO (FENIL-ALCHIL-AMMINE),FENILEFRINA HCl,POSITIVO
CLORAMMINA T & CH2Cl2 (BROMURI E IODURI),ACIDO ASCORBICO,NEGATIVO
CLORAMMINA T & CH2Cl2 (BROMURI E IODURI),FUROSEMIDE,NEGATIVO
CLORAMMINA T & CH2Cl2 (BROMURI E IODURI),SODIO CITRATO,NEGATIVO
CLORAMMINA T (FENOTIAZINE),CISTEINA HCl,NEGATIVO
CLORAMMINA T (FENOTIAZINE),FTALILSULFATIAZOLO,NEGATIVO
CLORAMMINA T (FENOTIAZINE),IDROCLOROTIAZIDE,NEGATIVO
CLORAMMINA T (FENOTIAZINE),SACCARINA SODICA,NEGATIVO
CLORAMMINA T (FENOTIAZINE),CLORPROMAZINA HCl,POSITIVO
CLORAMMINA T (FENOTIAZINE),PROMETAZINA HCl,POSITIVO
DENIGES & KMnO4 (CITRATI),POTASSIO TARTRATO,DUBBIO
DENIGES & KMnO4 (CITRATI),ACIDO TARTARICO,NEGATIVO
DENIGES & KMnO4 (CITRATI),MANNITOLO,NEGATIVO
DENIGES & KMnO4 (CITRATI),POTASSIO TARTRATO,NEGATIVO
DENIGES & KMnO4 (CITRATI),SODIO ACETATO,NEGATIVO
DENIGES & KMnO4 (CITRATI),ACIDO CITRICO,POSITIVO
DENIGES & KMnO4 (CITRATI),LITIO CITRATO,POSITIVO
DENIGES & KMnO4 (CITRATI),SODIO CITRATO,POSITIVO
AMMINE PRIMARIE e NO2-AROM (DIAZO-COPULAZIONE),CHINIDINA SOLFATO,NEGATIVO
AMMINE PRIMARIE e NO2-AROM (DIAZO-COPULAZIONE),CHININA SOLFATO,NEGATIVO
AMMINE PRIMARIE e NO2-AROM (DIAZO-COPULAZIONE),METFORMINA HCl,NEGATIVO
AMMINE PRIMARIE e NO2-AROM (DIAZO-COPULAZIONE),NICOTINAMIDE,NEGATIVO
AMMINE PRIMARIE e NO2-AROM (DIAZO-COPULAZIONE),SODIO SALICILATO,NEGATIVO
AMMINE PRIMARIE e NO2-AROM (DIAZO-COPULAZIONE),SORBITOLO,NEGATIVO
AMMINE PRIMARIE e NO2-AROM (DIAZO-COPULAZIONE),SUCRALOSIO,NEGATIVO
AMMINE PRIMARIE e NO2-AROM (DIAZO-COPULAZIONE),BENZOCAINA,POSITIVO
AMMINE PRIMARIE e NO2-AROM (DIAZO-COPULAZIONE),DAPSONE,POSITIVO
AMMINE PRIMARIE e NO2-AROM (DIAZO-COPULAZIONE),METRONIDAZOLO,POSITIVO
AMMINE PRIMARIE e NO2-AROM (DIAZO-COPULAZIONE),NICLOSAMIDE,POSITIVO
AMMINE PRIMARIE e NO2-AROM (DIAZO-COPULAZIONE),PROCAINA HCl,POSITIVO
AMMINE PRIMARIE e NO2-AROM (DIAZO-COPULAZIONE),PROCAINAMMIDE HCl,POSITIVO
AMMINE PRIMARIE e NO2-AROM (DIAZO-COPULAZIONE),SODIO P-AMMINO SALICILATO,POSITIVO
AMMINE PRIMARIE e NO2-AROM (DIAZO-COPULAZIONE),SULFADIAZINA,POSITIVO
AMMINE PRIMARIE e NO2-AROM (DIAZO-COPULAZIONE),SULFAGUANIDINA,POSITIVO
AMMINE PRIMARIE e NO2-AROM (DIAZO-COPULAZIONE),SULFATIAZOLO,POSITIVO
AMMINE PRIMARIE e NO2-AROM (DIAZO-COPULAZIONE),TIAMINA HCl,POSITIVO
AMMINE TERZIARIE (DRAGENDORFF),BENZOCAINA,NEGATIVO
AMMINE TERZIARIE (DRAGENDORFF),ISONIAZIDE,NEGATIVO
AMMINE TERZIARIE (DRAGENDORFF),CHINIDINA SOLFATO,POSITIVO
AMMINE TERZIARIE (DRAGENDORFF),CHININA HCl,POSITIVO
AMMINE TERZIARIE (DRAGENDORFF),CHININA SOLFATO,POSITIVO
AMMINE TERZIARIE (DRAGENDORFF),CLORPROMAZINA HCl,POSITIVO
AMMINE TERZIARIE (DRAGENDORFF),FENAZONE,POSITIVO
AMMINE TERZIARIE (DRAGENDORFF),FENOTIAZINA,POSITIVO
AMMINE TERZIARIE (DRAGENDORFF),LIDOCAINA HCl,POSITIVO
AMMINE TERZIARIE (DRAGENDORFF),METFORMINA HCl,POSITIVO
AMMINE TERZIARIE (DRAGENDORFF),NICOTINAMIDE,POSITIVO
AMMINE TERZIARIE (DRAGENDORFF),PROBENECID,POSITIVO
AMMINE TERZIARIE (DRAGENDORFF),PROCAINA HCl,POSITIVO
AMMINE TERZIARIE (DRAGENDORFF),PROCAINAMMIDE HCl,POSITIVO
AMMINE TERZIARIE (DRAGENDORFF),PROMETAZINA HCl,POSITIVO
TTC (STEROIDI),DESAMETASONE SODIO FOSFATO,NEGATIVO
TTC (STEROIDI),PROGESTERONE,NEGATIVO
TTC (STEROIDI),SPIRONOLATTONE,NEGATIVO
TTC (STEROIDI),CORTISONE ACETATO,POSITIVO
TTC (STEROIDI),DESAMETASONE ACETATO,POSITIVO
TTC (STEROIDI),IDROCORTISONE,POSITIVO
TTC (STEROIDI),IDROCORTISONE ACETATO,POSITIVO
TTC (STEROIDI),PREDNISONE,POSITIVO
"FeCl3 (ALCOLI AROMATICI, AA, SALICILATI, …)",ACIDO ASCORBICO,NEGATIVO
"FeCl3 (ALCOLI AROMATICI, AA, SALICILATI, …)",ACIDO CITRICO,NEGATIVO
"FeCl3 (ALCOLI AROMATICI, AA, SALICILATI, …)",ACIDO TARTARICO,NEGATIVO
"FeCl3 (ALCOLI AROMATICI, AA, SALICILATI, …)",CALCIO GLICEROFOSFATO,NEGATIVO
"FeCl3 (ALCOLI AROMATICI, AA, SALICILATI, …)",CLORBUTANOLO,NEGATIVO
"FeCl3 (ALCOLI AROMATICI, AA, SALICILATI, …)",FRUTTOSIO,NEGATIVO
"FeCl3 (ALCOLI AROMATICI, AA, SALICILATI, …)",IDROCLOROTIAZIDE,NEGATIVO
"FeCl3 (ALCOLI AROMATICI, AA, SALICILATI, …)",LATTOSIO,NEGATIVO
"FeCl3 (ALCOLI AROMATICI, AA, SALICILATI, …)",MANNITOLO,NEGATIVO
"FeCl3 (ALCOLI AROMATICI, AA, SALICILATI, …)",NICOTINAMIDE,NEGATIVO
"FeCl3 (ALCOLI AROMATICI, AA, SALICILATI, …)",PROCAINAMMIDE HCl,NEGATIVO
"FeCl3 (ALCOLI AROMATICI, AA, SALICILATI, …)",SACCARINA SODICA,NEGATIVO
"FeCl3 (ALCOLI AROMATICI, AA, SALICILATI, …)",SACCAROSIO,NEGATIVO
"FeCl3 (ALCOLI AROMATICI, AA, SALICILATI, …)",SODIO ACETATO,NEGATIVO
"FeCl3 (ALCOLI AROMATICI, AA, SALICILATI, …)",SODIO CITRATO,NEGATIVO
"FeCl3 (ALCOLI AROMATICI, AA, SALICILATI, …)",SUCRALOSIO,NEGATIVO
"FeCl3 (ALCOLI AROMATICI, AA, SALICILATI, …)",SULFAGUANIDINA,NEGATIVO
"FeCl3 (ALCOLI AROMATICI, AA, SALICILATI, …)",TIAMINA HCl,NEGATIVO
"FeCl3 (ALCOLI AROMATICI, AA, SALICILATI, …)",TIMOLO,NEGATIVO
"FeCl3 (ALCOLI AROMATICI, AA, SALICILATI, …)",ACIDO ACETILSALICILICO,POSITIVO
"FeCl3 (ALCOLI AROMATICI, AA, SALICILATI, …)",ACIDO BENZOICO,POSITIVO
"FeCl3 (ALCOLI AROMATICI, AA, SALICILATI, …)",ACIDO NICOTINICO,POSITIVO
"FeCl3 (ALCOLI AROMATICI, AA, SALICILATI, …)",ACIDO TANNICO,POSITIVO
"FeCl3 (ALCOLI AROMATICI, AA, SALICILATI, …)",FENAZONE,POSITIVO
"FeCl3 (ALCOLI AROMATICI, AA, SALICILATI, …)",FENILEFRINA HCl,POSITIVO
"FeCl3 (ALCOLI AROMATICI, AA, SALICILATI, …)",FENOLO,POSITIVO
"FeCl3 (ALCOLI AROMATICI, AA, SALICILATI, …)",METILPARABEN,POSITIVO
"FeCl3 (ALCOLI AROMATICI, AA, SALICILATI, …)",PARACETAMOLO,POSITIVO
"FeCl3 (ALCOLI AROMATICI, AA, SALICILATI, …)",PIRIDOSSINA HCl,POSITIVO
"FeCl3 (ALCOLI AROMATICI, AA, SALICILATI, …)",PROPILPARABEN,POSITIVO
"FeCl3 (ALCOLI AROMATICI, AA, SALICILATI, …)",SODIO BENZOATO,POSITIVO
"FeCl3 (ALCOLI AROMATICI, AA, SALICILATI, …)",SODIO P-AMMINO SALICILATO,POSITIVO
"FeCl3 (ALCOLI AROMATICI, AA, SALICILATI, …)",SODIO SALICILATO,POSITIVO
FeCl3 + HCl o H2SO4 (FENAZONE E PROPIFENAZONE),NICOTINAMIDE,NEGATIVO
FeCl3 + HCl o H2SO4 (FENAZONE E PROPIFENAZONE),FENAZONE,POSITIVO
FeCl3 + HCl o H2SO4 (FENAZONE E PROPIFENAZONE),PROPIFENAZONE,POSITIVO
FeCl3-CONC (BENZOATI & SALICILATI),ACIDO SORBICO,NEGATIVO
FeCl3-CONC (BENZOATI & SALICILATI),DESAMETASONE SODIO FOSFATO,NEGATIVO
FeCl3-CONC (BENZOATI & SALICILATI),FRUTTOSIO,NEGATIVO
FeCl3-CONC (BENZOATI & SALICILATI),MANNITOLO,NEGATIVO
FeCl3-CONC (BENZOATI & SALICILATI),SODIO CITRATO,NEGATIVO
FeCl3-CONC (BENZOATI & SALICILATI),ACIDO SALICILICO,POSITIVO
FeCl3-CONC (BENZOATI & SALICILATI),SODIO BENZOATO,POSITIVO
FeCl3-CONC (BENZOATI & SALICILATI),SODIO P-AMMINO SALICILATO,POSITIVO
FeCl3-CONC (BENZOATI & SALICILATI),SODIO SALICILATO,POSITIVO
OSSIDAZIONE FEHLING,ACIDO ASCORBICO,NEGATIVO
OSSIDAZIONE FEHLING,ACIDO CITRICO,NEGATIVO
OSSIDAZIONE FEHLING,ACIDO TARTARICO,NEGATIVO
OSSIDAZIONE FEHLING,CALCIO GLICEROFOSFATO,NEGATIVO
OSSIDAZIONE FEHLING,PARACETAMOLO,NEGATIVO
OSSIDAZIONE FEHLING,PIRIDOSSINA HCl,NEGATIVO
OSSIDAZIONE FEHLING,PROCAINAMMIDE HCl,NEGATIVO
OSSIDAZIONE FEHLING,CLORBUTANOLO,POSITIVO
OSSIDAZIONE FEHLING,FRUTTOSIO,POSITIVO
OSSIDAZIONE FEHLING,ISONIAZIDE,POSITIVO
OSSIDAZIONE FEHLING,LATTOSIO,POSITIVO
OSSIDAZIONE FEHLING,MANNITOLO,POSITIVO
OSSIDAZIONE FEHLING,SACCAROSIO,POSITIVO
OSSIDAZIONE FEHLING,SORBITOLO,POSITIVO
OSSIDAZIONE FEHLING,SUCRALOSIO,POSITIVO
FENTON: FeSO4 + H2O2 (TARTRATI),MANNITOLO,NEGATIVO
FENTON: FeSO4 + H2O2 (TARTRATI),POTASSIO SORBATO,NEGATIVO
FENTON: FeSO4 + H2O2 (TARTRATI),SODIO ACETATO,NEGATIVO
FENTON: FeSO4 + H2O2 (TARTRATI),SODIO CITRATO,NEGATIVO
FENTON: FeSO4 + H2O2 (TARTRATI),SUCRALOSIO,NEGATIVO
FENTON: FeSO4 + H2O2 (TARTRATI),ACIDO TARTARICO,POSITIVO
FENTON: FeSO4 + H2O2 (TARTRATI),POTASSIO TARTRATO,POSITIVO
FeSO4 & H2SO4 (NITRATI),ACIDO NICOTINICO,NEGATIVO
FeSO4 & H2SO4 (NITRATI),BENZOCAINA,NEGATIVO
FeSO4 & H2SO4 (NITRATI),CAFFEINA,NEGATIVO
FeSO4 & H2SO4 (NITRATI),CALCIO PANTOTENATO,NEGATIVO
FeSO4 & H2SO4 (NITRATI),FENAZONE,NEGATIVO
FeSO4 & H2SO4 (NITRATI),FENILALANINA,NEGATIVO
FeSO4 & H2SO4 (NITRATI),METFORMINA HCl,NEGATIVO
FeSO4 & H2SO4 (NITRATI),NICOTINAMIDE,NEGATIVO
FeSO4 & H2SO4 (NITRATI),PROCAINA HCl,NEGATIVO
FeSO4 & H2SO4 (NITRATI),PROPIFENAZONE,NEGATIVO
FeSO4 & H2SO4 (NITRATI),ECONAZOLO NITRATO,POSITIVO
FILO Ni-Cr,ACIDO ASCORBICO,NEGATIVO
FILO Ni-Cr,ACIDO CITRICO,NEGATIVO
FILO Ni-Cr,ACIDO NICOTINICO,NEGATIVO
FILO Ni-Cr,ACIDO TARTARICO,NEGATIVO
FILO Ni-Cr,CLORBUTANOLO,NEGATIVO
FILO Ni-Cr,FRUTTOSIO,NEGATIVO
FILO Ni-Cr,FTALILSULFATIAZOLO,NEGATIVO
FILO Ni-Cr,LATTOSIO,NEGATIVO
FILO Ni-Cr,LIDOCAINA HCl,NEGATIVO
FILO Ni-Cr,MAGNESIO ASPARTATO,NEGATIVO
FILO Ni-Cr,MAGNESIO LATTATO,NEGATIVO
FILO Ni-Cr,PROPILPARABEN,NEGATIVO
FILO Ni-Cr,SUCRALOSIO,NEGATIVO
FILO Ni-Cr,SULFATIAZOLO,NEGATIVO
FILO Ni-Cr,TEOBROMINA,NEGATIVO
FILO Ni-Cr,CALCIO GLICEROFOSFATO,POSITIVO
FILO Ni-Cr,CALCIO LATTATO,POSITIVO
FILO Ni-Cr,CALCIO PANTOTENATO,POSITIVO
FILO Ni-Cr,CLORAMINA T,POSITIVO
FILO Ni-Cr,DESAMETASONE SODIO FOSFATO,POSITIVO
FILO Ni-Cr,LITIO CITRATO,POSITIVO
FILO Ni-Cr,POTASSIO ASPARTATO,POSITIVO
FILO Ni-Cr,POTASSIO SORBATO,POSITIVO
FILO Ni-Cr,POTASSIO TARTRATO,POSITIVO
FILO Ni-Cr,SACCARINA SODICA,POSITIVO
FILO Ni-Cr,SODIO ACETATO,POSITIVO
FILO Ni-Cr,SODIO ASCORBATO,POSITIVO
FILO Ni-Cr,SODIO BENZOATO,POSITIVO
FILO Ni-Cr,SODIO CITRATO,POSITIVO
FILO Ni-Cr,SODIO P-AMMINO SALICILATO,POSITIVO
FILO Ni-Cr,SODIO SALICILATO,POSITIVO
GIBBS (PIRIDOSSINA),NICOTINAMIDE,NEGATIVO
GIBBS (PIRIDOSSINA),PIRIDOSSINA HCl,POSITIVO
GRANDEZZE FISICHE (PUNTO FUSIONE),CALCIO GLICEROFOSFATO,NEGATIVO
GRANDEZZE FISICHE (PUNTO FUSIONE),TEOBROMINA,NEGATIVO
GRANDEZZE FISICHE (PUNTO FUSIONE),ACETILCISTEINA,POSITIVO
GRANDEZZE FISICHE (PUNTO FUSIONE),ACIDO ACETILSALICILICO,POSITIVO
GRANDEZZE FISICHE (PUNTO FUSIONE),ACIDO ASCORBICO,POSITIVO
GRANDEZZE FISICHE (PUNTO FUSIONE),ACIDO BENZOICO,POSITIVO
GRANDEZZE FISICHE (PUNTO FUSIONE),ACIDO CITRICO,POSITIVO
GRANDEZZE FISICHE (PUNTO FUSIONE),ACIDO NICOTINICO,POSITIVO
GRANDEZZE FISICHE (PUNTO FUSIONE),ACIDO SALICILICO,POSITIVO
GRANDEZZE FISICHE (PUNTO FUSIONE),ACIDO SORBICO,POSITIVO
GRANDEZZE FISICHE (PUNTO FUSIONE),ACIDO TARTARICO,POSITIVO
GRANDEZZE FISICHE (PUNTO FUSIONE),BENZOCAINA,POSITIVO
GRANDEZZE FISICHE (PUNTO FUSIONE),CAFFEINA,POSITIVO
GRANDEZZE FISICHE (PUNTO FUSIONE),CALCIO PANTOTENATO,POSITIVO
GRANDEZZE FISICHE (PUNTO FUSIONE),CHINIDINA SOLFATO,POSITIVO
GRANDEZZE FISICHE (PUNTO FUSIONE),CHININA HCl,POSITIVO
GRANDEZZE FISICHE (PUNTO FUSIONE),CHININA SOLFATO,POSITIVO
GRANDEZZE FISICHE (PUNTO FUSIONE),CISTEINA HCl,POSITIVO
GRANDEZZE FISICHE (PUNTO FUSIONE),CLORALIO IDRATO,POSITIVO
GRANDEZZE FISICHE (PUNTO FUSIONE),CLORBUTANOLO,POSITIVO
GRANDEZZE FISICHE (PUNTO FUSIONE),CLORPROMAZINA HCl,POSITIVO
GRANDEZZE FISICHE (PUNTO FUSIONE),DAPSONE,POSITIVO
GRANDEZZE FISICHE (PUNTO FUSIONE),DIFENIDRAMINA HCl,POSITIVO
GRANDEZZE FISICHE (PUNTO FUSIONE),ECONAZOLO NITRATO,POSITIVO
GRANDEZZE FISICHE (PUNTO FUSIONE),EFEDRINA HCl,POSITIVO
GRANDEZZE FISICHE (PUNTO FUSIONE),FENAZONE,POSITIVO
GRANDEZZE FISICHE (PUNTO FUSIONE),FENILALANINA,POSITIVO
GRANDEZZE FISICHE (PUNTO FUSIONE),FENILEFRINA HCl,POSITIVO
GRANDEZZE FISICHE (PUNTO FUSIONE),FENOLO,POSITIVO
GRANDEZZE FISICHE (PUNTO FUSIONE),FRUTTOSIO,POSITIVO
GRANDEZZE FISICHE (PUNTO FUSIONE),FTALILSULFATIAZOLO,POSITIVO
GRANDEZZE FISICHE (PUNTO FUSIONE),FUROSEMIDE,POSITIVO
GRANDEZZE FISICHE (PUNTO FUSIONE),GLICINA,POSITIVO
GRANDEZZE FISICHE (PUNTO FUSIONE),GLUCOSIO,POSITIVO
GRANDEZZE FISICHE (PUNTO FUSIONE),IDROCLOROTIAZIDE,POSITIVO
GRANDEZZE FISICHE (PUNTO FUSIONE),IDROCORTISONE,POSITIVO
GRANDEZZE FISICHE (PUNTO FUSIONE),IDROCORTISONE ACETATO,POSITIVO
GRANDEZZE FISICHE (PUNTO FUSIONE),IMIPRAMINA HCl,POSITIVO
GRANDEZZE FISICHE (PUNTO FUSIONE),INDOMETACINA,POSITIVO
GRANDEZZE FISICHE (PUNTO FUSIONE),ISONIAZIDE,POSITIVO
GRANDEZZE FISICHE (PUNTO FUSIONE),LATTOSIO,POSITIVO
GRANDEZZE FISICHE (PUNTO FUSIONE),LEUCINA,POSITIVO
GRANDEZZE FISICHE (PUNTO FUSIONE),LIDOCAINA HCl,POSITIVO
GRANDEZZE FISICHE (PUNTO FUSIONE),LISINA HCl,POSITIVO
GRANDEZZE FISICHE (PUNTO FUSIONE),MAGNESIO LATTATO,POSITIVO
GRANDEZZE FISICHE (PUNTO FUSIONE),MANNITOLO,POSITIVO
GRANDEZZE FISICHE (PUNTO FUSIONE),METFORMINA HCl,POSITIVO
GRANDEZZE FISICHE (PUNTO FUSIONE),METILPARABEN,POSITIVO
GRANDEZZE FISICHE (PUNTO FUSIONE),METRONIDAZOLO,POSITIVO
GRANDEZZE FISICHE (PUNTO FUSIONE),NICLOSAMIDE,POSITIVO
GRANDEZZE FISICHE (PUNTO FUSIONE),NICOTINAMIDE,POSITIVO
GRANDEZZE FISICHE (PUNTO FUSIONE),PAPAVERINA HCl,POSITIVO
GRANDEZZE FISICHE (PUNTO FUSIONE),PARACETAMOLO,POSITIVO
GRANDEZZE FISICHE (PUNTO FUSIONE),PIRIDOSSINA HCl,POSITIVO
GRANDEZZE FISICHE (PUNTO FUSIONE),PREDNISONE,POSITIVO
GRANDEZZE FISICHE (PUNTO FUSIONE),PROBENECID,POSITIVO
GRANDEZZE FISICHE (PUNTO FUSIONE),PROCAINA HCl,POSITIVO
GRANDEZZE FISICHE (PUNTO FUSIONE),PROCAINAMMIDE HCl,POSITIVO
GRANDEZZE FISICHE (PUNTO FUSIONE),PROGESTERONE,POSITIVO
GRANDEZZE FISICHE (PUNTO FUSIONE),PROMETAZINA HCl,POSITIVO
GRANDEZZE FISICHE (PUNTO FUSIONE),PROPIFENAZONE,POSITIVO
GRANDEZZE FISICHE (PUNTO FUSIONE),PROPILPARABEN,POSITIVO
GRANDEZZE FISICHE (PUNTO FUSIONE),SACCARINA,POSITIVO
GRANDEZZE FISICHE (PUNTO FUSIONE),SACCAROSIO,POSITIVO
GRANDEZZE FISICHE (PUNTO FUSIONE),SCOPOLAMINA HBr,POSITIVO
GRANDEZZE FISICHE (PUNTO FUSIONE),SERINA,POSITIVO
GRANDEZZE FISICHE (PUNTO FUSIONE),SODIO CITRATO,POSITIVO
GRANDEZZE FISICHE (PUNTO FUSIONE),SODIO P-AMMINO SALICILATO,POSITIVO
GRANDEZZE FISICHE (PUNTO FUSIONE),SODIO SALICILATO,POSITIVO
GRANDEZZE FISICHE (PUNTO FUSIONE),SORBITOLO,POSITIVO
GRANDEZZE FISICHE (PUNTO FUSIONE),SPIRONOLATTONE,POSITIVO
GRANDEZZE FISICHE (PUNTO FUSIONE),SUCRALOSIO,POSITIVO
GRANDEZZE FISICHE (PUNTO FUSIONE),SULFADIAZINA,POSITIVO
GRANDEZZE FISICHE (PUNTO FUSIONE),SULFAGUANIDINA,POSITIVO
GRANDEZZE FISICHE (PUNTO FUSIONE),SULFAMERAZINA,POSITIVO
GRANDEZZE FISICHE (PUNTO FUSIONE),SULFAMETOSSIPIRIDAZINA,POSITIVO
GRANDEZZE FISICHE (PUNTO FUSIONE),SULFANILAMIDE,POSITIVO
GRANDEZZE FISICHE (PUNTO FUSIONE),SULFATIAZOLO,POSITIVO
GRANDEZZE FISICHE (PUNTO FUSIONE),TEOFILLINA,POSITIVO
GRANDEZZE FISICHE (PUNTO FUSIONE),TIAMINA HCl,POSITIVO
GRANDEZZE FISICHE (PUNTO FUSIONE),TIMOLO,POSITIVO
GRANDEZZE FISICHE (PUNTO FUSIONE),TOLBUTAMIDE,POSITIVO
GRANDEZZE FISICHE (PUNTO FUSIONE),TREONINA,POSITIVO
GRANDEZZE FISICHE (PUNTO FUSIONE),TRIPTOFANO,POSITIVO
GRANDEZZE FISICHE (PUNTO FUSIONE),VANILLINA,POSITIVO
H2SO4 & DILUIZIONE H2O (STEROIDI),CORTISONE ACETATO,POSITIVO
H2SO4 & DILUIZIONE H2O (STEROIDI),IDROCORTISONE,POSITIVO
H2SO4 & DILUIZIONE H2O (STEROIDI),IDROCORTISONE ACETATO,POSITIVO
H2SO4 & DILUIZIONE H2O (STEROIDI),PREDNISONE,POSITIVO
H2SO4 & DILUIZIONE H2O (STEROIDI),PROGESTERONE,POSITIVO
H2SO4 & DILUIZIONE H2O (STEROIDI),SPIRONOLATTONE,POSITIVO
NaNO2 + H2SO4 (FENAZONE),FENAZONE,POSITIVO
H2SO4-DIL + FLUORESCENZA (ALC CHINOLINICI),CHINIDINA SOLFATO,POSITIVO
H2SO4-DIL + FLUORESCENZA (ALC CHINOLINICI),CHININA HCl,POSITIVO
H2SO4-DIL + FLUORESCENZA (ALC CHINOLINICI),CHININA SOLFATO,POSITIVO
HCl + BaCl2 (SOLFATI),SULFAGUANIDINA,NEGATIVO
HCl + BaCl2 (SOLFATI),CHINIDINA SOLFATO,POSITIVO
MOLIBDICO & NH4OH (FOSFATI),CALCIO GLICEROFOSFATO,POSITIVO
HNO3-CONC (FENOTIAZINE),SACCARINA SODICA,NEGATIVO
HNO3-CONC (FENOTIAZINE),CLORPROMAZINA HCl,POSITIVO
HNO3-CONC (FENOTIAZINE),IMIPRAMINA HCl,POSITIVO
HNO3-CONC (FENOTIAZINE),PROMETAZINA HCl,POSITIVO
HNO3 + AgNO3 (ACIDO ASCORBICO),ACIDO ASCORBICO,POSITIVO
HNO3 + AgNO3 (ACIDO ASCORBICO),SODIO ASCORBATO,POSITIVO
IDROSSILAMMINA (ESTERI & AMMIDI),FTALILSULFATIAZOLO,NEGATIVO
IDROSSILAMMINA (ESTERI & AMMIDI),INDOMETACINA,POSITIVO
IDROSSILAMMINA (ESTERI & AMMIDI),NICOTINAMIDE,POSITIVO
IDROSSILAMMINA (ESTERI & AMMIDI),PROPILPARABEN,POSITIVO
IDROSSILAMMINA (ESTERI & AMMIDI),TOLBUTAMIDE,POSITIVO
OSSIDAZIONE KMnO4,ACIDO TANNICO,NEGATIVO
OSSIDAZIONE KMnO4,POTASSIO TARTRATO,NEGATIVO
OSSIDAZIONE KMnO4,CHINIDINA SOLFATO,POSITIVO
OSSIDAZIONE KMnO4,POTASSIO SORBATO,POSITIVO
LASSAIGNE:ALOGENI,ACIDO ACETILSALICILICO,NEGATIVO
LASSAIGNE:ALOGENI,ACIDO CITRICO,NEGATIVO
LASSAIGNE:ALOGENI,ACIDO SALICILICO,NEGATIVO
LASSAIGNE:ALOGENI,CALCIO GLICEROFOSFATO,NEGATIVO
LASSAIGNE:ALOGENI,CALCIO LATTATO,NEGATIVO
LASSAIGNE:ALOGENI,FENOLO,NEGATIVO
LASSAIGNE:ALOGENI,FRUTTOSIO,NEGATIVO
LASSAIGNE:ALOGENI,LATTOSIO,NEGATIVO
LASSAIGNE:ALOGENI,LITIO CITRATO,NEGATIVO
LASSAIGNE:ALOGENI,MAGNESIO LATTATO,NEGATIVO
LASSAIGNE:ALOGENI,MANNITOLO,NEGATIVO
LASSAIGNE:ALOGENI,METILPARABEN,NEGATIVO
LASSAIGNE:ALOGENI,POTASSIO SORBATO,NEGATIVO
LASSAIGNE:ALOGENI,POTASSIO TARTRATO,NEGATIVO
LASSAIGNE:ALOGENI,PREDNISONE,NEGATIVO
LASSAIGNE:ALOGENI,PROPILPARABEN,NEGATIVO
LASSAIGNE:ALOGENI,SODIO ASCORBATO,NEGATIVO
LASSAIGNE:ALOGENI,SODIO CITRATO,NEGATIVO
LASSAIGNE:ALOGENI,SODIO SALICILATO,NEGATIVO
LASSAIGNE:ALOGENI,SORBITOLO,NEGATIVO
LASSAIGNE:ALOGENI,TIMOLO,NEGATIVO
LASSAIGNE:ALOGENI,CLORALIO IDRATO,POSITIVO
LASSAIGNE:ALOGENI,CLORBUTANOLO,POSITIVO
LASSAIGNE:ALOGENI,SUCRALOSIO,POSITIVO
LASSAIGNE:AZOTO,ACIDO ACETILSALICILICO,NEGATIVO
LASSAIGNE:AZOTO,ACIDO ASCORBICO,NEGATIVO
LASSAIGNE:AZOTO,ACIDO BENZOICO,NEGATIVO
LASSAIGNE:AZOTO,ACIDO CITRICO,NEGATIVO
LASSAIGNE:AZOTO,ACIDO SALICILICO,NEGATIVO
LASSAIGNE:AZOTO,ACIDO SORBICO,NEGATIVO
LASSAIGNE:AZOTO,ACIDO TANNICO,NEGATIVO
LASSAIGNE:AZOTO,CALCIO GLICEROFOSFATO,NEGATIVO
LASSAIGNE:AZOTO,CALCIO LATTATO,NEGATIVO
LASSAIGNE:AZOTO,CLORALIO IDRATO,NEGATIVO
LASSAIGNE:AZOTO,CLORBUTANOLO,NEGATIVO
LASSAIGNE:AZOTO,FENOLO,NEGATIVO
LASSAIGNE:AZOTO,FRUTTOSIO,NEGATIVO
LASSAIGNE:AZOTO,IDROCORTISONE,NEGATIVO
LASSAIGNE:AZOTO,IDROCORTISONE ACETATO,NEGATIVO
LASSAIGNE:AZOTO,LATTOSIO,NEGATIVO
LASSAIGNE:AZOTO,LITIO CITRATO,NEGATIVO
LASSAIGNE:AZOTO,MAGNESIO LATTATO,NEGATIVO
LASSAIGNE:AZOTO,MANNITOLO,NEGATIVO
LASSAIGNE:AZOTO,METILPARABEN,NEGATIVO
LASSAIGNE:AZOTO,POTASSIO SORBATO,NEGATIVO
LASSAIGNE:AZOTO,POTASSIO TARTRATO,NEGATIVO
LASSAIGNE:AZOTO,PREDNISONE,NEGATIVO
LASSAIGNE:AZOTO,PROPILPARABEN,NEGATIVO
LASSAIGNE:AZOTO,SODIO ASCORBATO,NEGATIVO
LASSAIGNE:AZOTO,SODIO CITRATO,NEGATIVO
LASSAIGNE:AZOTO,SODIO SALICILATO,NEGATIVO
LASSAIGNE:AZOTO,SORBITOLO,NEGATIVO
LASSAIGNE:AZOTO,SPIRONOLATTONE,NEGATIVO
LASSAIGNE:AZOTO,SUCRALOSIO,NEGATIVO
LASSAIGNE:AZOTO,TIMOLO,NEGATIVO
LASSAIGNE:AZOTO,ACETILCISTEINA,POSITIVO
LASSAIGNE:AZOTO,ACIDO NICOTINICO,POSITIVO
LASSAIGNE:AZOTO,ASPARTAME,POSITIVO
LASSAIGNE:AZOTO,BENZOCAINA,POSITIVO
LASSAIGNE:AZOTO,CAFFEINA,POSITIVO
LASSAIGNE:AZOTO,CAPTOPRIL,POSITIVO
LASSAIGNE:AZOTO,CHINIDINA SOLFATO,POSITIVO
LASSAIGNE:AZOTO,CHININA SOLFATO,POSITIVO
LASSAIGNE:AZOTO,CISTEINA HCl,POSITIVO
LASSAIGNE:AZOTO,CLORAMINA T,POSITIVO
LASSAIGNE:AZOTO,CLORPROMAZINA HCl,POSITIVO
LASSAIGNE:AZOTO,DAPSONE,POSITIVO
LASSAIGNE:AZOTO,DIFENIDRAMINA HCl,POSITIVO
LASSAIGNE:AZOTO,ECONAZOLO NITRATO,POSITIVO
LASSAIGNE:AZOTO,EFEDRINA HCl,POSITIVO
LASSAIGNE:AZOTO,FENAZONE,POSITIVO
LASSAIGNE:AZOTO,FENILALANINA,POSITIVO
LASSAIGNE:AZOTO,FENILEFRINA HCl,POSITIVO
LASSAIGNE:AZOTO,FTALILSULFATIAZOLO,POSITIVO
LASSAIGNE:AZOTO,FUROSEMIDE,POSITIVO
LASSAIGNE:AZOTO,IDROCLOROTIAZIDE,POSITIVO
LASSAIGNE:AZOTO,INDOMETACINA,POSITIVO
LASSAIGNE:AZOTO,ISONIAZIDE,POSITIVO
LASSAIGNE:AZOTO,LEUCINA,POSITIVO
LASSAIGNE:AZOTO,LIDOCAINA HCl,POSITIVO
LASSAIGNE:AZOTO,MAGNESIO ASPARTATO,POSITIVO
LASSAIGNE:AZOTO,METFORMINA HCl,POSITIVO
LASSAIGNE:AZOTO,METIONINA,POSITIVO
LASSAIGNE:AZOTO,METRONIDAZOLO,POSITIVO
LASSAIGNE:AZOTO,NICOTINAMIDE,POSITIVO
LASSAIGNE:AZOTO,PIRIDOSSINA HCl,POSITIVO
LASSAIGNE:AZOTO,POTASSIO ASPARTATO,POSITIVO
LASSAIGNE:AZOTO,PROCAINA HCl,POSITIVO
LASSAIGNE:AZOTO,PROCAINAMMIDE HCl,POSITIVO
LASSAIGNE:AZOTO,PROLINA,POSITIVO
LASSAIGNE:AZOTO,PROMETAZINA HCl,POSITIVO
LASSAIGNE:AZOTO,PROPIFENAZONE,POSITIVO
LASSAIGNE:AZOTO,SACCARINA,POSITIVO
LASSAIGNE:AZOTO,SACCARINA SODICA,POSITIVO
LASSAIGNE:AZOTO,SCOPOLAMINA HBr,POSITIVO
LASSAIGNE:AZOTO,SERINA,POSITIVO
LASSAIGNE:AZOTO,SODIO P-AMMINO SALICILATO,POSITIVO
LASSAIGNE:AZOTO,SULFADIAZINA,POSITIVO
LASSAIGNE:AZOTO,SULFAGUANIDINA,POSITIVO
LASSAIGNE:AZOTO,SULFAMERAZINA,POSITIVO
LASSAIGNE:AZOTO,SULFANILAMIDE,POSITIVO
LASSAIGNE:AZOTO,SULFATIAZOLO,POSITIVO
LASSAIGNE:AZOTO,TEOBROMINA,POSITIVO
LASSAIGNE:AZOTO,TEOFILLINA,POSITIVO
LASSAIGNE:AZOTO,TOLBUTAMIDE,POSITIVO
LASSAIGNE:AZOTO,TREONINA,POSITIVO
LASSAIGNE:AZOTO,TRIPTOFANO,POSITIVO
LASSAIGNE:FOSFORO,IDROCORTISONE ACETATO,NEGATIVO
LASSAIGNE:FOSFORO,MAGNESIO ASPARTATO,NEGATIVO
LASSAIGNE:FOSFORO,SACCARINA SODICA,NEGATIVO
LASSAIGNE:FOSFORO,SODIO CITRATO,NEGATIVO
LASSAIGNE:ZOLFO,ACIDO ACETILSALICILICO,NEGATIVO
LASSAIGNE:ZOLFO,ACIDO ASCORBICO,NEGATIVO
LASSAIGNE:ZOLFO,ACIDO BENZOICO,NEGATIVO
LASSAIGNE:ZOLFO,ACIDO CITRICO,NEGATIVO
LASSAIGNE:ZOLFO,ACIDO NICOTINICO,NEGATIVO
LASSAIGNE:ZOLFO,ACIDO SALICILICO,NEGATIVO
LASSAIGNE:ZOLFO,ACIDO SORBICO,NEGATIVO
LASSAIGNE:ZOLFO,ACIDO TANNICO,NEGATIVO
LASSAIGNE:ZOLFO,ASPARTAME,NEGATIVO
LASSAIGNE:ZOLFO,BENZOCAINA,NEGATIVO
LASSAIGNE:ZOLFO,CAFFEINA,NEGATIVO
LASSAIGNE:ZOLFO,CALCIO GLICEROFOSFATO,NEGATIVO
LASSAIGNE:ZOLFO,CALCIO LATTATO,NEGATIVO
LASSAIGNE:ZOLFO,CLORALIO IDRATO,NEGATIVO
LASSAIGNE:ZOLFO,CLORAMINA T,NEGATIVO
LASSAIGNE:ZOLFO,CLORBUTANOLO,NEGATIVO
LASSAIGNE:ZOLFO,DIFENIDRAMINA HCl,NEGATIVO
LASSAIGNE:ZOLFO,ECONAZOLO NITRATO,NEGATIVO
LASSAIGNE:ZOLFO,EFEDRINA HCl,NEGATIVO
LASSAIGNE:ZOLFO,FENAZONE,NEGATIVO
LASSAIGNE:ZOLFO,FENILALANINA,NEGATIVO
LASSAIGNE:ZOLFO,FENILEFRINA HCl,NEGATIVO
LASSAIGNE:ZOLFO,FENOLO,NEGATIVO
LASSAIGNE:ZOLFO,FRUTTOSIO,NEGATIVO
LASSAIGNE:ZOLFO,IDROCORTISONE,NEGATIVO
LASSAIGNE:ZOLFO,IDROCORTISONE ACETATO,NEGATIVO
LASSAIGNE:ZOLFO,INDOMETACINA,NEGATIVO
LASSAIGNE:ZOLFO,ISONIAZIDE,NEGATIVO
LASSAIGNE:ZOLFO,LATTOSIO,NEGATIVO
LASSAIGNE:ZOLFO,LEUCINA,NEGATIVO
LASSAIGNE:ZOLFO,LIDOCAINA HCl,NEGATIVO
LASSAIGNE:ZOLFO,LITIO CITRATO,NEGATIVO
LASSAIGNE:ZOLFO,MAGNESIO ASPARTATO,NEGATIVO
LASSAIGNE:ZOLFO,MAGNESIO LATTATO,NEGATIVO
LASSAIGNE:ZOLFO,MANNITOLO,NEGATIVO
LASSAIGNE:ZOLFO,METFORMINA HCl,NEGATIVO
LASSAIGNE:ZOLFO,METILPARABEN,NEGATIVO
LASSAIGNE:ZOLFO,METRONIDAZOLO,NEGATIVO
LASSAIGNE:ZOLFO,NICOTINAMIDE,NEGATIVO
LASSAIGNE:ZOLFO,PIRIDOSSINA HCl,NEGATIVO
LASSAIGNE:ZOLFO,POTASSIO ASPARTATO,NEGATIVO
LASSAIGNE:ZOLFO,POTASSIO SORBATO,NEGATIVO
LASSAIGNE:ZOLFO,POTASSIO TARTRATO,NEGATIVO
LASSAIGNE:ZOLFO,PREDNISONE,NEGATIVO
LASSAIGNE:ZOLFO,PROCAINA HCl,NEGATIVO
LASSAIGNE:ZOLFO,PROCAINAMMIDE HCl,NEGATIVO
LASSAIGNE:ZOLFO,PROLINA,NEGATIVO
LASSAIGNE:ZOLFO,PROPIFENAZONE,NEGATIVO
LASSAIGNE:ZOLFO,PROPILPARABEN,NEGATIVO
LASSAIGNE:ZOLFO,SCOPOLAMINA HBr,NEGATIVO
LASSAIGNE:ZOLFO,SERINA,NEGATIVO
LASSAIGNE:ZOLFO,SODIO ASCORBATO,NEGATIVO
LASSAIGNE:ZOLFO,SODIO CITRATO,NEGATIVO
LASSAIGNE:ZOLFO,SODIO P-AMMINO SALICILATO,NEGATIVO
LASSAIGNE:ZOLFO,SODIO SALICILATO,NEGATIVO
LASSAIGNE:ZOLFO,SORBITOLO,NEGATIVO
LASSAIGNE:ZOLFO,SUCRALOSIO,NEGATIVO
LASSAIGNE:ZOLFO,TEOBROMINA,NEGATIVO
LASSAIGNE:ZOLFO,TEOFILLINA,NEGATIVO
LASSAIGNE:ZOLFO,TIMOLO,NEGATIVO
LASSAIGNE:ZOLFO,TREONINA,NEGATIVO
LASSAIGNE:ZOLFO,TRIPTOFANO,NEGATIVO
LASSAIGNE:ZOLFO,ACETILCISTEINA,POSITIVO
LASSAIGNE:ZOLFO,CAPTOPRIL,POSITIVO
LASSAIGNE:ZOLFO,CHINIDINA SOLFATO,POSITIVO
LASSAIGNE:ZOLFO,CHININA SOLFATO,POSITIVO
LASSAIGNE:ZOLFO,CISTEINA HCl,POSITIVO
LASSAIGNE:ZOLFO,CLORPROMAZINA HCl,POSITIVO
LASSAIGNE:ZOLFO,DAPSONE,POSITIVO
LASSAIGNE:ZOLFO,FTALILSULFATIAZOLO,POSITIVO
LASSAIGNE:ZOLFO,FUROSEMIDE,POSITIVO
LASSAIGNE:ZOLFO,IDROCLOROTIAZIDE,POSITIVO
LASSAIGNE:ZOLFO,METIONINA,POSITIVO
LASSAIGNE:ZOLFO,PROMETAZINA HCl,POSITIVO
LASSAIGNE:ZOLFO,SACCARINA,POSITIVO
LASSAIGNE:ZOLFO,SACCARINA SODICA,POSITIVO
LASSAIGNE:ZOLFO,SPIRONOLATTONE,POSITIVO
LASSAIGNE:ZOLFO,SULFADIAZINA,POSITIVO
LASSAIGNE:ZOLFO,SULFAGUANIDINA,POSITIVO
LASSAIGNE:ZOLFO,SULFAMERAZINA,POSITIVO
LASSAIGNE:ZOLFO,SULFANILAMIDE,POSITIVO
LASSAIGNE:ZOLFO,SULFATIAZOLO,POSITIVO
LASSAIGNE:ZOLFO,TOLBUTAMIDE,POSITIVO
LIEBERMANN (FENOLI p-LIBERA),SODIO SALICILATO,POSITIVO
LIEBERMANN (FENOLI p-LIBERA),TIMOLO,POSITIVO
AMMINE TERZIARIE (MAYER),BENZOCAINA,NEGATIVO
AMMINE TERZIARIE (MAYER),FENAZONE,NEGATIVO
AMMINE TERZIARIE (MAYER),FENOTIAZINA,NEGATIVO
AMMINE TERZIARIE (MAYER),ISONIAZIDE,NEGATIVO
AMMINE TERZIARIE (MAYER),METFORMINA HCl,NEGATIVO
AMMINE TERZIARIE (MAYER),CHININA SOLFATO,POSITIVO
AMMINE TERZIARIE (MAYER),LIDOCAINA HCl,POSITIVO
AMMINE TERZIARIE (MAYER),PROBENECID,POSITIVO
AMMINE TERZIARIE (MAYER),PROCAINA HCl,POSITIVO
AMMINE TERZIARIE (MAYER),PROCAINAMMIDE HCl,POSITIVO
MILLON (FENOLI p-OCCUPATA),NICOTINAMIDE,NEGATIVO
MILLON (FENOLI p-OCCUPATA),METILPARABEN,POSITIVO
MILLON (FENOLI p-OCCUPATA),PARACETAMOLO,POSITIVO
MILLON (FENOLI p-OCCUPATA),PROPILPARABEN,POSITIVO
MILLON (FENOLI p-OCCUPATA),TIMOLO,POSITIVO
MILLON (FENOLI p-OCCUPATA),VANILLINA,POSITIVO
MOHLER (LATTATI E TARTRATI),CALCIO GLICEROFOSFATO,NEGATIVO
MOHLER (LATTATI E TARTRATI),MANNITOLO,NEGATIVO
MOHLER (LATTATI E TARTRATI),POTASSIO SORBATO,NEGATIVO
MOHLER (LATTATI E TARTRATI),MAGNESIO LATTATO,POSITIVO
MOHLER (LATTATI E TARTRATI),POTASSIO TARTRATO,POSITIVO
MOLISCH (CARBOIDRATI),CALCIO GLICEROFOSFATO,NEGATIVO
MOLISCH (CARBOIDRATI),CLORBUTANOLO,NEGATIVO
MOLISCH (CARBOIDRATI),NICOTINAMIDE,NEGATIVO
MOLISCH (CARBOIDRATI),FRUTTOSIO,POSITIVO
MOLISCH (CARBOIDRATI),LATTOSIO,POSITIVO
MOLISCH (CARBOIDRATI),MANNITOLO,POSITIVO
MOLISCH (CARBOIDRATI),SACCAROSIO,POSITIVO
MOLISCH (CARBOIDRATI),SORBITOLO,POSITIVO
MOLISCH (CARBOIDRATI),SUCRALOSIO,POSITIVO
MURESSIDE (XANTINE),FENAZONE,NEGATIVO
MURESSIDE (XANTINE),GLICINA,NEGATIVO
MURESSIDE (XANTINE),IMIPRAMINA HCl,NEGATIVO
MURESSIDE (XANTINE),LIDOCAINA HCl,NEGATIVO
MURESSIDE (XANTINE),MANNITOLO,NEGATIVO
MURESSIDE (XANTINE),CAFFEINA,POSITIVO
MURESSIDE (XANTINE),TEOBROMINA,POSITIVO
MURESSIDE (XANTINE),TEOFILLINA,POSITIVO
NH4OH & Na2HPO4 (MAGNESIO),CALCIO GLICEROFOSFATO,NEGATIVO
NH4OH & Na2HPO4 (MAGNESIO),CALCIO LATTATO,NEGATIVO
NH4OH & Na2HPO4 (MAGNESIO),LATTOSIO,NEGATIVO
NH4OH & Na2HPO4 (MAGNESIO),SODIO ACETATO,NEGATIVO
NH4OH & Na2HPO4 (MAGNESIO),MAGNESIO ASPARTATO,POSITIVO
NH4OH & Na2HPO4 (MAGNESIO),MAGNESIO LATTATO,POSITIVO
NH4OH B.M. (LATTOSIO),SACCAROSIO,NEGATIVO
NH4OH B.M. (LATTOSIO),LATTOSIO,POSITIVO
NINIDRINA (AMINOACIDI),ACIDO NICOTINICO,NEGATIVO
NINIDRINA (AMINOACIDI),CAFFEINA,NEGATIVO
NINIDRINA (AMINOACIDI),CALCIO PANTOTENATO,NEGATIVO
NINIDRINA (AMINOACIDI),CLORPROMAZINA HCl,NEGATIVO
NINIDRINA (AMINOACIDI),EFEDRINA HCl,NEGATIVO
NINIDRINA (AMINOACIDI),FENAZONE,NEGATIVO
NINIDRINA (AMINOACIDI),FTALILSULFATIAZOLO,NEGATIVO
NINIDRINA (AMINOACIDI),IDROCLOROTIAZIDE,NEGATIVO
NINIDRINA (AMINOACIDI),IMIPRAMINA HCl,NEGATIVO
NINIDRINA (AMINOACIDI),METFORMINA HCl,NEGATIVO
NINIDRINA (AMINOACIDI),METRONIDAZOLO,NEGATIVO
NINIDRINA (AMINOACIDI),NICOTINAMIDE,NEGATIVO
NINIDRINA (AMINOACIDI),PARACETAMOLO,NEGATIVO
NINIDRINA (AMINOACIDI),PIRIDOSSINA HCl,NEGATIVO
NINIDRINA (AMINOACIDI),PROCAINAMMIDE HCl,NEGATIVO
NINIDRINA (AMINOACIDI),PROMETAZINA HCl,NEGATIVO
NINIDRINA (AMINOACIDI),PROPIFENAZONE,NEGATIVO
NINIDRINA (AMINOACIDI),SODIO P-AMMINO SALICILATO,NEGATIVO
NINIDRINA (AMINOACIDI),SULFAGUANIDINA,NEGATIVO
NINIDRINA (AMINOACIDI),TIAMINA HCl,NEGATIVO
NINIDRINA (AMINOACIDI),ASPARTAME,POSITIVO
NINIDRINA (AMINOACIDI),CISTEINA HCl,POSITIVO
NINIDRINA (AMINOACIDI),FENILALANINA,POSITIVO
NINIDRINA (AMINOACIDI),GLICINA,POSITIVO
NINIDRINA (AMINOACIDI),LEUCINA,POSITIVO
NINIDRINA (AMINOACIDI),METIONINA,POSITIVO
NINIDRINA (AMINOACIDI),METIONINA,POSITIVO
NINIDRINA (AMINOACIDI),POTASSIO ASPARTATO,POSITIVO
NINIDRINA (AMINOACIDI),PROLINA,POSITIVO
NINIDRINA (AMINOACIDI),SERINA,POSITIVO
NINIDRINA (AMINOACIDI),SERINA,POSITIVO
NINIDRINA (AMINOACIDI),TREONINA,POSITIVO
NINIDRINA (AMINOACIDI),TRIPTOFANO,POSITIVO
ORGANOLETTICA,ACIDO TANNICO,POSITIVO
ORGANOLETTICA,CLORAMINA T,POSITIVO
ORGANOLETTICA,MAGNESIO LATTATO,POSITIVO
ORGANOLETTICA,SODIO ACETATO,POSITIVO
ORGANOLETTICA,TIMOLO,POSITIVO
OSSALATO AMMONIO (CALCIO),LATTOSIO,NEGATIVO
OSSALATO AMMONIO (CALCIO),POTASSIO SORBATO,NEGATIVO
OSSALATO AMMONIO (CALCIO),CALCIO GLICEROFOSFATO,POSITIVO
OSSALATO AMMONIO (CALCIO),CALCIO LATTATO,POSITIVO
PROVA AL COCCIO,ACIDO ACETILSALICILICO,POSITIVO
PROVA AL COCCIO,ACIDO ASCORBICO,POSITIVO
PROVA AL COCCIO,ACIDO CITRICO,POSITIVO
PROVA AL COCCIO,ACIDO NICOTINICO,POSITIVO
PROVA AL COCCIO,ACIDO SALICILICO,POSITIVO
PROVA AL COCCIO,ACIDO SORBICO,POSITIVO
PROVA AL COCCIO,ACIDO TANNICO,POSITIVO
PROVA AL COCCIO,ASPARTAME,POSITIVO
PROVA AL COCCIO,BENZOCAINA,POSITIVO
PROVA AL COCCIO,CAFFEINA,POSITIVO
PROVA AL COCCIO,CALCIO GLICEROFOSFATO,POSITIVO
PROVA AL COCCIO,CALCIO LATTATO,POSITIVO
PROVA AL COCCIO,CALCIO PANTOTENATO,POSITIVO
PROVA AL COCCIO,CAPTOPRIL,POSITIVO
PROVA AL COCCIO,CHINIDINA SOLFATO,POSITIVO
PROVA AL COCCIO,CHININA HCl,POSITIVO
PROVA AL COCCIO,CHININA SOLFATO,POSITIVO
PROVA AL COCCIO,CISTEINA HCl,POSITIVO
PROVA AL COCCIO,CLORALIO IDRATO,POSITIVO
PROVA AL COCCIO,CLORAMINA T,POSITIVO
PROVA AL COCCIO,CLORBUTANOLO,POSITIVO
PROVA AL COCCIO,CLOROCHINA BIFOSFATO,POSITIVO
PROVA AL COCCIO,CLORPROMAZINA HCl,POSITIVO
PROVA AL COCCIO,CORTISONE ACETATO,POSITIVO
PROVA AL COCCIO,DAPSONE,POSITIVO
PROVA AL COCCIO,DESAMETASONE SODIO FOSFATO,POSITIVO
PROVA AL COCCIO,ECONAZOLO NITRATO,POSITIVO
PROVA AL COCCIO,EFEDRINA HCl,POSITIVO
PROVA AL COCCIO,FENAZONE,POSITIVO
PROVA AL COCCIO,FENILALANINA,POSITIVO
PROVA AL COCCIO,FENILEFRINA HCl,POSITIVO
PROVA AL COCCIO,FENOLO,POSITIVO
PROVA AL COCCIO,FRUTTOSIO,POSITIVO
PROVA AL COCCIO,FTALILSULFATIAZOLO,POSITIVO
PROVA AL COCCIO,FUROSEMIDE,POSITIVO
PROVA AL COCCIO,GLICINA,POSITIVO
PROVA AL COCCIO,GLUCOSIO,POSITIVO
PROVA AL COCCIO,IDROCLOROTIAZIDE,POSITIVO
PROVA AL COCCIO,IDROCORTISONE,POSITIVO
PROVA AL COCCIO,IDROCORTISONE ACETATO,POSITIVO
PROVA AL COCCIO,IMIPRAMINA HCl,POSITIVO
PROVA AL COCCIO,ISONIAZIDE,POSITIVO
PROVA AL COCCIO,LATTOSIO,POSITIVO
PROVA AL COCCIO,LEUCINA,POSITIVO
PROVA AL COCCIO,LIDOCAINA HCl,POSITIVO
PROVA AL COCCIO,LISINA HCl,POSITIVO
PROVA AL COCCIO,LITIO CITRATO,POSITIVO
PROVA AL COCCIO,MAGNESIO ASPARTATO,POSITIVO
PROVA AL COCCIO,MAGNESIO LATTATO,POSITIVO
PROVA AL COCCIO,MANNITOLO,POSITIVO
PROVA AL COCCIO,METFORMINA HCl,POSITIVO
PROVA AL COCCIO,METILPARABEN,POSITIVO
PROVA AL COCCIO,METIONINA,POSITIVO
PROVA AL COCCIO,METRONIDAZOLO,POSITIVO
PROVA AL COCCIO,NICLOSAMIDE,POSITIVO
PROVA AL COCCIO,NICOTINAMIDE,POSITIVO
PROVA AL COCCIO,POTASSIO SORBATO,POSITIVO
PROVA AL COCCIO,POTASSIO TARTRATO,POSITIVO
PROVA AL COCCIO,PREDNISONE,POSITIVO
PROVA AL COCCIO,PROCAINA HCl,POSITIVO
PROVA AL COCCIO,PROCAINAMMIDE HCl,POSITIVO
PROVA AL COCCIO,PROGESTERONE,POSITIVO
PROVA AL COCCIO,PROLINA,POSITIVO
PROVA AL COCCIO,PROMETAZINA HCl,POSITIVO
PROVA AL COCCIO,PROPIFENAZONE,POSITIVO
PROVA AL COCCIO,PROPILPARABEN,POSITIVO
PROVA AL COCCIO,SACCARINA,POSITIVO
PROVA AL COCCIO,SACCARINA SODICA,POSITIVO
PROVA AL COCCIO,SACCAROSIO,POSITIVO
PROVA AL COCCIO,SCOPOLAMINA HBr,POSITIVO
PROVA AL COCCIO,SERINA,POSITIVO
PROVA AL COCCIO,SODIO ACETATO,POSITIVO
PROVA AL COCCIO,SODIO ASCORBATO,POSITIVO
PROVA AL COCCIO,SODIO BENZOATO,POSITIVO
PROVA AL COCCIO,SODIO CITRATO,POSITIVO
PROVA AL COCCIO,SODIO P-AMMINO SALICILATO,POSITIVO
PROVA AL COCCIO,SODIO SALICILATO,POSITIVO
PROVA AL COCCIO,SORBITOLO,POSITIVO
PROVA AL COCCIO,SPIRONOLATTONE,POSITIVO
PROVA AL COCCIO,SUCRALOSIO,POSITIVO
PROVA AL COCCIO,SULFADIAZINA,POSITIVO
PROVA AL COCCIO,SULFAGUANIDINA,POSITIVO
PROVA AL COCCIO,SULFAMERAZINA,POSITIVO
PROVA AL COCCIO,SULFANILAMIDE,POSITIVO
PROVA AL COCCIO,SULFATIAZOLO,POSITIVO
PROVA AL COCCIO,TEOBROMINA,POSITIVO
PROVA AL COCCIO,TEOFILLINA,POSITIVO
PROVA AL COCCIO,TIAMINA HCl,POSITIVO
PROVA AL COCCIO,TIMOLO,POSITIVO
PROVA AL COCCIO,TOLBUTAMIDE,POSITIVO
PROVA AL COCCIO,TRIPTOFANO,POSITIVO
TIOCROMO (TIAMINA HCl),TIAMINA HCl,POSITIVO
RESORCINA & FLUORESCENZA (SACCARINA E SALI),SACCARINA,POSITIVO
RESORCINA & FLUORESCENZA (SACCARINA E SALI),SACCARINA SODICA,POSITIVO
RESORCINA + NaOH (CLORALIO IDRATO),CLORBUTANOLO,NEGATIVO
RESORCINA + NaOH (CLORALIO IDRATO),SUCRALOSIO,NEGATIVO
RESORCINA + NaOH (CLORALIO IDRATO),CLORALIO IDRATO,POSITIVO
RIDUZIONE GRUPPO NITRO (NO2-Ar),CHININA SOLFATO,NEGATIVO
BEILSTEIN (FILO Cu),ACIDO ACETILSALICILICO,NEGATIVO
BEILSTEIN (FILO Cu),ACIDO ASCORBICO,NEGATIVO
BEILSTEIN (FILO Cu),ACIDO BENZOICO,NEGATIVO
BEILSTEIN (FILO Cu),ACIDO CITRICO,NEGATIVO
BEILSTEIN (FILO Cu),ACIDO NICOTINICO,NEGATIVO
BEILSTEIN (FILO Cu),ACIDO SALICILICO,NEGATIVO
BEILSTEIN (FILO Cu),ACIDO SORBICO,NEGATIVO
BEILSTEIN (FILO Cu),ACIDO TANNICO,NEGATIVO
BEILSTEIN (FILO Cu),ACIDO TARTARICO,NEGATIVO
BEILSTEIN (FILO Cu),ASPARTAME,NEGATIVO
BEILSTEIN (FILO Cu),BENZOCAINA,NEGATIVO
BEILSTEIN (FILO Cu),CAFFEINA,NEGATIVO
BEILSTEIN (FILO Cu),CALCIO PANTOTENATO,NEGATIVO
BEILSTEIN (FILO Cu),CAPTOPRIL,NEGATIVO
BEILSTEIN (FILO Cu),CHINIDINA SOLFATO,NEGATIVO
BEILSTEIN (FILO Cu),FENAZONE,NEGATIVO
BEILSTEIN (FILO Cu),FENILALANINA,NEGATIVO
BEILSTEIN (FILO Cu),FRUTTOSIO,NEGATIVO
BEILSTEIN (FILO Cu),FTALILSULFATIAZOLO,NEGATIVO
BEILSTEIN (FILO Cu),IDROCORTISONE,NEGATIVO
BEILSTEIN (FILO Cu),IDROCORTISONE ACETATO,NEGATIVO
BEILSTEIN (FILO Cu),MANNITOLO,NEGATIVO
BEILSTEIN (FILO Cu),METRONIDAZOLO,NEGATIVO
BEILSTEIN (FILO Cu),NICOTINAMIDE,NEGATIVO
BEILSTEIN (FILO Cu),PROPIFENAZONE,NEGATIVO
BEILSTEIN (FILO Cu),PROPILPARABEN,NEGATIVO
BEILSTEIN (FILO Cu),SACCARINA,NEGATIVO
BEILSTEIN (FILO Cu),SACCAROSIO,NEGATIVO
BEILSTEIN (FILO Cu),SERINA,NEGATIVO
BEILSTEIN (FILO Cu),SODIO ACETATO,NEGATIVO
BEILSTEIN (FILO Cu),SODIO CITRATO,NEGATIVO
BEILSTEIN (FILO Cu),SODIO P-AMMINO SALICILATO,NEGATIVO
BEILSTEIN (FILO Cu),SODIO SALICILATO,NEGATIVO
BEILSTEIN (FILO Cu),SORBITOLO,NEGATIVO
BEILSTEIN (FILO Cu),SPIRONOLATTONE,NEGATIVO
BEILSTEIN (FILO Cu),SULFADIAZINA,NEGATIVO
BEILSTEIN (FILO Cu),SULFATIAZOLO,NEGATIVO
BEILSTEIN (FILO Cu),TEOBROMINA,NEGATIVO
BEILSTEIN (FILO Cu),CHININA HCl,POSITIVO
BEILSTEIN (FILO Cu),CISTEINA HCl,POSITIVO
BEILSTEIN (FILO Cu),CLORALIO IDRATO,POSITIVO
BEILSTEIN (FILO Cu),CLORAMINA T,POSITIVO
BEILSTEIN (FILO Cu),CLORBUTANOLO,POSITIVO
BEILSTEIN (FILO Cu),CLORPROMAZINA HCl,POSITIVO
BEILSTEIN (FILO Cu),DIFENIDRAMINA HCl,POSITIVO
BEILSTEIN (FILO Cu),ECONAZOLO NITRATO,POSITIVO
BEILSTEIN (FILO Cu),EFEDRINA HCl,POSITIVO
BEILSTEIN (FILO Cu),FENILEFRINA HCl,POSITIVO
BEILSTEIN (FILO Cu),IDROCLOROTIAZIDE,POSITIVO
BEILSTEIN (FILO Cu),IMIPRAMINA HCl,POSITIVO
BEILSTEIN (FILO Cu),LIDOCAINA HCl,POSITIVO
BEILSTEIN (FILO Cu),LISINA HCl,POSITIVO
BEILSTEIN (FILO Cu),METFORMINA HCl,POSITIVO
BEILSTEIN (FILO Cu),METIONINA,POSITIVO
BEILSTEIN (FILO Cu),PROCAINA HCl,POSITIVO
BEILSTEIN (FILO Cu),PROLINA,POSITIVO
BEILSTEIN (FILO Cu),PROMETAZINA HCl,POSITIVO
BEILSTEIN (FILO Cu),SUCRALOSIO,POSITIVO
BEILSTEIN (FILO Cu),TIAMINA HCl,POSITIVO
SAGGIO BIURETO,SULFADIAZINA,NEGATIVO
SAGGIO BIURETO,FTALILSULFATIAZOLO,POSITIVO
SAGGIO BIURETO,SULFATIAZOLO,POSITIVO
SAGGIO LEGAL (ACIDO ASCORBICO),ACIDO ASCORBICO,POSITIVO
ACIDO CROMOTROPICO,DAPSONE,NEGATIVO
ACIDO CROMOTROPICO,IDROCLOROTIAZIDE,POSITIVO
SELIWANOFF (CHETOESOSI),LATTOSIO,NEGATIVO
SELIWANOFF (CHETOESOSI),FRUTTOSIO,POSITIVO
SELIWANOFF (CHETOESOSI),SACCAROSIO,POSITIVO
SOLUBILITA ACQUA,ACIDO SORBICO,NEGATIVO
SOLUBILITA ACQUA,BENZOCAINA,NEGATIVO
SOLUBILITA ACQUA,CORTISONE ACETATO,NEGATIVO
SOLUBILITA ACQUA,DAPSONE,NEGATIVO
SOLUBILITA ACQUA,ECONAZOLO NITRATO,NEGATIVO
SOLUBILITA ACQUA,FENOTIAZINA,NEGATIVO
SOLUBILITA ACQUA,FTALILSULFATIAZOLO,NEGATIVO
SOLUBILITA ACQUA,FUROSEMIDE,NEGATIVO
SOLUBILITA ACQUA,IDROCORTISONE,NEGATIVO
SOLUBILITA ACQUA,INDOMETACINA,NEGATIVO
SOLUBILITA ACQUA,METILPARABEN,NEGATIVO
SOLUBILITA ACQUA,NICLOSAMIDE,NEGATIVO
SOLUBILITA ACQUA,NIFEDIPINA,NEGATIVO
SOLUBILITA ACQUA,PREDNISONE,NEGATIVO
SOLUBILITA ACQUA,PROBENECID,NEGATIVO
SOLUBILITA ACQUA,PROGESTERONE,NEGATIVO
SOLUBILITA ACQUA,PROPILPARABEN,NEGATIVO
SOLUBILITA ACQUA,SACCARINA,NEGATIVO
SOLUBILITA ACQUA,SPIRONOLATTONE,NEGATIVO
SOLUBILITA ACQUA,SPIRONOLATTONE,NEGATIVO
SOLUBILITA ACQUA,SULFADIAZINA,NEGATIVO
SOLUBILITA ACQUA,SULFAMERAZINA,NEGATIVO
SOLUBILITA ACQUA,TEOBROMINA,NEGATIVO
SOLUBILITA ACQUA,TOLBUTAMIDE,NEGATIVO
SOLUBILITA ACQUA,VALINA,NEGATIVO
SOLUBILITA ACQUA,ACETILCISTEINA,POSITIVO
SOLUBILITA ACQUA,ACIDO ACETILSALICILICO,POSITIVO
SOLUBILITA ACQUA,ACIDO ASCORBICO,POSITIVO
SOLUBILITA ACQUA,ACIDO BENZOICO,POSITIVO
SOLUBILITA ACQUA,ACIDO CITRICO,POSITIVO
SOLUBILITA ACQUA,ACIDO NICOTINICO,POSITIVO
SOLUBILITA ACQUA,ACIDO SALICILICO,POSITIVO
SOLUBILITA ACQUA,ACIDO TANNICO,POSITIVO
SOLUBILITA ACQUA,ACIDO TARTARICO,POSITIVO
SOLUBILITA ACQUA,ALANINA,POSITIVO
SOLUBILITA ACQUA,ASPARTAME,POSITIVO
SOLUBILITA ACQUA,CAFFEINA,POSITIVO
SOLUBILITA ACQUA,CALCIO GLICEROFOSFATO,POSITIVO
SOLUBILITA ACQUA,CALCIO GLICEROFOSFATO,POSITIVO
SOLUBILITA ACQUA,CALCIO LATTATO,POSITIVO
SOLUBILITA ACQUA,CALCIO PANTOTENATO,POSITIVO
SOLUBILITA ACQUA,CAPTOPRIL,POSITIVO
SOLUBILITA ACQUA,CHINIDINA SOLFATO,POSITIVO
SOLUBILITA ACQUA,CHININA HCl,POSITIVO
SOLUBILITA ACQUA,CHININA SOLFATO,POSITIVO
SOLUBILITA ACQUA,CISTEINA HCl,POSITIVO
SOLUBILITA ACQUA,CLORALIO IDRATO,POSITIVO
SOLUBILITA ACQUA,CLORAMINA T,POSITIVO
SOLUBILITA ACQUA,CLORBUTANOLO,POSITIVO
SOLUBILITA ACQUA,CLOROCHINA BIFOSFATO,POSITIVO
SOLUBILITA ACQUA,CLORPROMAZINA HCl,POSITIVO
SOLUBILITA ACQUA,DESAMETASONE SODIO FOSFATO,POSITIVO
SOLUBILITA ACQUA,DIFENIDRAMINA HCl,POSITIVO
SOLUBILITA ACQUA,EFEDRINA HCl,POSITIVO
SOLUBILITA ACQUA,FENAZONE,POSITIVO
SOLUBILITA ACQUA,FENILALANINA,POSITIVO
SOLUBILITA ACQUA,FENILEFRINA HCl,POSITIVO
SOLUBILITA ACQUA,FENOLO,POSITIVO
SOLUBILITA ACQUA,FRUTTOSIO,POSITIVO
SOLUBILITA ACQUA,GLICINA,POSITIVO
SOLUBILITA ACQUA,GLUCOSIO,POSITIVO
SOLUBILITA ACQUA,IDROCLOROTIAZIDE,POSITIVO
SOLUBILITA ACQUA,ISONIAZIDE,POSITIVO
SOLUBILITA ACQUA,LATTOSIO,POSITIVO
SOLUBILITA ACQUA,LEUCINA,POSITIVO
SOLUBILITA ACQUA,LIDOCAINA HCl,POSITIVO
SOLUBILITA ACQUA,LISINA HCl,POSITIVO
SOLUBILITA ACQUA,LITIO CITRATO,POSITIVO
SOLUBILITA ACQUA,MAGNESIO ASPARTATO,POSITIVO
SOLUBILITA ACQUA,MAGNESIO LATTATO,POSITIVO
SOLUBILITA ACQUA,MANNITOLO,POSITIVO
SOLUBILITA ACQUA,METFORMINA HCl,POSITIVO
SOLUBILITA ACQUA,METIONINA,POSITIVO
SOLUBILITA ACQUA,METRONIDAZOLO,POSITIVO
SOLUBILITA ACQUA,NICOTINAMIDE,POSITIVO
SOLUBILITA ACQUA,PAPAVERINA HCl,POSITIVO
SOLUBILITA ACQUA,PARACETAMOLO,POSITIVO
SOLUBILITA ACQUA,PIRIDOSSINA HCl,POSITIVO
SOLUBILITA ACQUA,POTASSIO ASPARTATO,POSITIVO
SOLUBILITA ACQUA,POTASSIO SORBATO,POSITIVO
SOLUBILITA ACQUA,POTASSIO TARTRATO,POSITIVO
SOLUBILITA ACQUA,PROCAINA HCl,POSITIVO
SOLUBILITA ACQUA,PROCAINAMMIDE HCl,POSITIVO
SOLUBILITA ACQUA,PROLINA,POSITIVO
SOLUBILITA ACQUA,PROMETAZINA HCl,POSITIVO
SOLUBILITA ACQUA,PROPIFENAZONE,POSITIVO
SOLUBILITA ACQUA,SACCARINA SODICA,POSITIVO
SOLUBILITA ACQUA,SACCAROSIO,POSITIVO
SOLUBILITA ACQUA,SCOPOLAMINA HBr,POSITIVO
SOLUBILITA ACQUA,SERINA,POSITIVO
SOLUBILITA ACQUA,SODIO ACETATO,POSITIVO
SOLUBILITA ACQUA,SODIO ASCORBATO,POSITIVO
SOLUBILITA ACQUA,SODIO BENZOATO,POSITIVO
SOLUBILITA ACQUA,SODIO CITRATO,POSITIVO
SOLUBILITA ACQUA,SODIO P-AMMINO SALICILATO,POSITIVO
SOLUBILITA ACQUA,SODIO SALICILATO,POSITIVO
SOLUBILITA ACQUA,SORBITOLO,POSITIVO
SOLUBILITA ACQUA,SUCRALOSIO,POSITIVO
SOLUBILITA ACQUA,SULFAGUANIDINA,POSITIVO
SOLUBILITA ACQUA,SULFANILAMIDE,POSITIVO
SOLUBILITA ACQUA,SULFATIAZOLO,POSITIVO
SOLUBILITA ACQUA,TEOFILLINA,POSITIVO
SOLUBILITA ACQUA,TIAMINA HCl,POSITIVO
SOLUBILITA ACQUA,TIMOLO,POSITIVO
SOLUBILITA ACQUA,TREONINA,POSITIVO
SOLUBILITA ACQUA,TRIPTOFANO,POSITIVO
SOLUBILITA ACQUA,VANILLINA,POSITIVO
SOLUBILITA ETOH,ALANINA,NEGATIVO
SOLUBILITA ETOH,CALCIO GLICEROFOSFATO,NEGATIVO
SOLUBILITA ETOH,CORTISONE ACETATO,NEGATIVO
SOLUBILITA ETOH,FENILALANINA,NEGATIVO
SOLUBILITA ETOH,FTALILSULFATIAZOLO,NEGATIVO
SOLUBILITA ETOH,LATTOSIO,NEGATIVO
SOLUBILITA ETOH,MAGNESIO ASPARTATO,NEGATIVO
SOLUBILITA ETOH,MAGNESIO LATTATO,NEGATIVO
SOLUBILITA ETOH,MANNITOLO,NEGATIVO
SOLUBILITA ETOH,SACCARINA,NEGATIVO
SOLUBILITA ETOH,SODIO BENZOATO,NEGATIVO
SOLUBILITA ETOH,SODIO P-AMMINO SALICILATO,NEGATIVO
SOLUBILITA ETOH,SORBITOLO,NEGATIVO
SOLUBILITA ETOH,ACIDO ACETILSALICILICO,POSITIVO
SOLUBILITA ETOH,ACIDO CITRICO,POSITIVO
SOLUBILITA ETOH,ACIDO SORBICO,POSITIVO
SOLUBILITA ETOH,ACIDO TANNICO,POSITIVO
SOLUBILITA ETOH,CAFFEINA,POSITIVO
SOLUBILITA ETOH,CAPTOPRIL,POSITIVO
SOLUBILITA ETOH,CLORALIO IDRATO,POSITIVO
SOLUBILITA ETOH,CLORBUTANOLO,POSITIVO
SOLUBILITA ETOH,DAPSONE,POSITIVO
SOLUBILITA ETOH,DIFENIDRAMINA HCl,POSITIVO
SOLUBILITA ETOH,ECONAZOLO NITRATO,POSITIVO
SOLUBILITA ETOH,EFEDRINA HCl,POSITIVO
SOLUBILITA ETOH,FENOTIAZINA,POSITIVO
SOLUBILITA ETOH,GLICINA,POSITIVO
SOLUBILITA ETOH,IDROCORTISONE,POSITIVO
SOLUBILITA ETOH,IMIPRAMINA HCl,POSITIVO
SOLUBILITA ETOH,INDOMETACINA,POSITIVO
SOLUBILITA ETOH,ISONIAZIDE,POSITIVO
SOLUBILITA ETOH,LIDOCAINA HCl,POSITIVO
SOLUBILITA ETOH,METRONIDAZOLO,POSITIVO
SOLUBILITA ETOH,NICOTINAMIDE,POSITIVO
SOLUBILITA ETOH,NIFEDIPINA,POSITIVO
SOLUBILITA ETOH,PREDNISONE,POSITIVO
SOLUBILITA ETOH,PROBENECID,POSITIVO
SOLUBILITA ETOH,PROCAINAMMIDE HCl,POSITIVO
SOLUBILITA ETOH,PROGESTERONE,POSITIVO
SOLUBILITA ETOH,PROMETAZINA HCl,POSITIVO
SOLUBILITA ETOH,SACCAROSIO,POSITIVO
SOLUBILITA ETOH,SPIRONOLATTONE,POSITIVO
SOLUBILITA ETOH,TIMOLO,POSITIVO
SOLUBILITA ETOH,TOLBUTAMIDE,POSITIVO
SOLUBILITA HCL,ACIDO SORBICO,NEGATIVO
SOLUBILITA HCL,CLORBUTANOLO,NEGATIVO
SOLUBILITA HCL,CORTISONE ACETATO,NEGATIVO
SOLUBILITA HCL,DESAMETASONE SODIO FOSFATO,NEGATIVO
SOLUBILITA HCL,ECONAZOLO NITRATO,NEGATIVO
SOLUBILITA HCL,FENOLO,NEGATIVO
SOLUBILITA HCL,FTALILSULFATIAZOLO,NEGATIVO
SOLUBILITA HCL,FUROSEMIDE,NEGATIVO
SOLUBILITA HCL,IDROCORTISONE,NEGATIVO
SOLUBILITA HCL,IMIPRAMINA HCl,NEGATIVO
SOLUBILITA HCL,INDOMETACINA,NEGATIVO
SOLUBILITA HCL,METILPARABEN,NEGATIVO
SOLUBILITA HCL,PREDNISONE,NEGATIVO
SOLUBILITA HCL,PROBENECID,NEGATIVO
SOLUBILITA HCL,PROGESTERONE,NEGATIVO
SOLUBILITA HCL,PROPILPARABEN,NEGATIVO
SOLUBILITA HCL,SODIO BENZOATO,NEGATIVO
SOLUBILITA HCL,SODIO P-AMMINO SALICILATO,NEGATIVO
SOLUBILITA HCL,SODIO SALICILATO,NEGATIVO
SOLUBILITA HCL,SPIRONOLATTONE,NEGATIVO
SOLUBILITA HCL,SPIRONOLATTONE,NEGATIVO
SOLUBILITA HCL,TIMOLO,NEGATIVO
SOLUBILITA HCL,TOLBUTAMIDE,NEGATIVO
SOLUBILITA HCL,VANILLINA,NEGATIVO
SOLUBILITA HCL,ACETILCISTEINA,POSITIVO
SOLUBILITA HCL,ACIDO NICOTINICO,POSITIVO
SOLUBILITA HCL,ACIDO TANNICO,POSITIVO
SOLUBILITA HCL,BENZOCAINA,POSITIVO
SOLUBILITA HCL,CAFFEINA,POSITIVO
SOLUBILITA HCL,CALCIO GLICEROFOSFATO,POSITIVO
SOLUBILITA HCL,CALCIO GLICEROFOSFATO,POSITIVO
SOLUBILITA HCL,CALCIO LATTATO,POSITIVO
SOLUBILITA HCL,CAPTOPRIL,POSITIVO
SOLUBILITA HCL,CHINIDINA SOLFATO,POSITIVO
SOLUBILITA HCL,CHININA HCl,POSITIVO
SOLUBILITA HCL,CISTEINA HCl,POSITIVO
SOLUBILITA HCL,CLORALIO IDRATO,POSITIVO
SOLUBILITA HCL,CLORAMINA T,POSITIVO
SOLUBILITA HCL,CLOROCHINA BIFOSFATO,POSITIVO
SOLUBILITA HCL,DAPSONE,POSITIVO
SOLUBILITA HCL,DIFENIDRAMINA HCl,POSITIVO
SOLUBILITA HCL,FENAZONE,POSITIVO
SOLUBILITA HCL,FENILALANINA,POSITIVO
SOLUBILITA HCL,GLICINA,POSITIVO
SOLUBILITA HCL,ISONIAZIDE,POSITIVO
SOLUBILITA HCL,LIDOCAINA HCl,POSITIVO
SOLUBILITA HCL,MAGNESIO ASPARTATO,POSITIVO
SOLUBILITA HCL,MAGNESIO LATTATO,POSITIVO
SOLUBILITA HCL,MANNITOLO,POSITIVO
SOLUBILITA HCL,METFORMINA HCl,POSITIVO
SOLUBILITA HCL,METIONINA,POSITIVO
SOLUBILITA HCL,METRONIDAZOLO,POSITIVO
SOLUBILITA HCL,NICOTINAMIDE,POSITIVO
SOLUBILITA HCL,POTASSIO TARTRATO,POSITIVO
SOLUBILITA HCL,PROCAINA HCl,POSITIVO
SOLUBILITA HCL,PROCAINAMMIDE HCl,POSITIVO
SOLUBILITA HCL,PROLINA,POSITIVO
SOLUBILITA HCL,PROMETAZINA HCl,POSITIVO
SOLUBILITA HCL,PROPIFENAZONE,POSITIVO
SOLUBILITA HCL,SERINA,POSITIVO
SOLUBILITA HCL,SODIO ACETATO,POSITIVO
SOLUBILITA HCL,SODIO CITRATO,POSITIVO
SOLUBILITA HCL,SORBITOLO,POSITIVO
SOLUBILITA HCL,SULFADIAZINA,POSITIVO
SOLUBILITA HCL,SULFAGUANIDINA,POSITIVO
SOLUBILITA HCL,SULFAMERAZINA,POSITIVO
SOLUBILITA HCL,SULFATIAZOLO,POSITIVO
SOLUBILITA HCL,TEOFILLINA,POSITIVO
SOLUBILITA HCL,TREONINA,POSITIVO
SOLUBILITA HCL,VALINA,POSITIVO
SOLUBILITA NaHCO3,SPIRONOLATTONE,NEGATIVO
SOLUBILITA NaHCO3,CAFFEINA,POSITIVO
SOLUBILITA NAOH,BENZOCAINA,NEGATIVO
SOLUBILITA NAOH,CAFFEINA,NEGATIVO
SOLUBILITA NAOH,CALCIO GLICEROFOSFATO,NEGATIVO
SOLUBILITA NAOH,CALCIO GLICEROFOSFATO,NEGATIVO
SOLUBILITA NAOH,CALCIO LATTATO,NEGATIVO
SOLUBILITA NAOH,CHINIDINA SOLFATO,NEGATIVO
SOLUBILITA NAOH,CHININA HCl,NEGATIVO
SOLUBILITA NAOH,CLORBUTANOLO,NEGATIVO
SOLUBILITA NAOH,CORTISONE ACETATO,NEGATIVO
SOLUBILITA NAOH,DAPSONE,NEGATIVO
SOLUBILITA NAOH,DIFENIDRAMINA HCl,NEGATIVO
SOLUBILITA NAOH,ECONAZOLO NITRATO,NEGATIVO
SOLUBILITA NAOH,IDROCORTISONE,NEGATIVO
SOLUBILITA NAOH,IMIPRAMINA HCl,NEGATIVO
SOLUBILITA NAOH,LIDOCAINA HCl,NEGATIVO
SOLUBILITA NAOH,MAGNESIO ASPARTATO,NEGATIVO
SOLUBILITA NAOH,PREDNISONE,NEGATIVO
SOLUBILITA NAOH,PROCAINA HCl,NEGATIVO
SOLUBILITA NAOH,PROGESTERONE,NEGATIVO
SOLUBILITA NAOH,PROPIFENAZONE,NEGATIVO
SOLUBILITA NAOH,SPIRONOLATTONE,NEGATIVO
SOLUBILITA NAOH,SPIRONOLATTONE,NEGATIVO
SOLUBILITA NAOH,SULFAGUANIDINA,NEGATIVO
SOLUBILITA NAOH,TEOFILLINA,NEGATIVO
SOLUBILITA NAOH,ACIDO ACETILSALICILICO,POSITIVO
SOLUBILITA NAOH,ACIDO BENZOICO,POSITIVO
SOLUBILITA NAOH,ACIDO NICOTINICO,POSITIVO
SOLUBILITA NAOH,ACIDO SORBICO,POSITIVO
SOLUBILITA NAOH,ACIDO TANNICO,POSITIVO
SOLUBILITA NAOH,CAPTOPRIL,POSITIVO
SOLUBILITA NAOH,CISTEINA HCl,POSITIVO
SOLUBILITA NAOH,CLORAMINA T,POSITIVO
SOLUBILITA NAOH,DESAMETASONE SODIO FOSFATO,POSITIVO
SOLUBILITA NAOH,FENAZONE,POSITIVO
SOLUBILITA NAOH,FENILALANINA,POSITIVO
SOLUBILITA NAOH,FENOLO,POSITIVO
SOLUBILITA NAOH,FTALILSULFATIAZOLO,POSITIVO
SOLUBILITA NAOH,FUROSEMIDE,POSITIVO
SOLUBILITA NAOH,GLICINA,POSITIVO
SOLUBILITA NAOH,IDROCLOROTIAZIDE,POSITIVO
SOLUBILITA NAOH,INDOMETACINA,POSITIVO
SOLUBILITA NAOH,ISONIAZIDE,POSITIVO
SOLUBILITA NAOH,LATTOSIO,POSITIVO
SOLUBILITA NAOH,MANNITOLO,POSITIVO
SOLUBILITA NAOH,METFORMINA HCl,POSITIVO
SOLUBILITA NAOH,METILPARABEN,POSITIVO
SOLUBILITA NAOH,METIONINA,POSITIVO
SOLUBILITA NAOH,NICOTINAMIDE,POSITIVO
SOLUBILITA NAOH,PARACETAMOLO,POSITIVO
SOLUBILITA NAOH,POTASSIO TARTRATO,POSITIVO
SOLUBILITA NAOH,PROBENECID,POSITIVO
SOLUBILITA NAOH,PROCAINAMMIDE HCl,POSITIVO
SOLUBILITA NAOH,PROLINA,POSITIVO
SOLUBILITA NAOH,PROPILPARABEN,POSITIVO
SOLUBILITA NAOH,SACCARINA,POSITIVO
SOLUBILITA NAOH,SERINA,POSITIVO
SOLUBILITA NAOH,SODIO BENZOATO,POSITIVO
SOLUBILITA NAOH,SODIO CITRATO,POSITIVO
SOLUBILITA NAOH,SODIO P-AMMINO SALICILATO,POSITIVO
SOLUBILITA NAOH,SODIO SALICILATO,POSITIVO
SOLUBILITA NAOH,SORBITOLO,POSITIVO
SOLUBILITA NAOH,SUCRALOSIO,POSITIVO
SOLUBILITA NAOH,SULFADIAZINA,POSITIVO
SOLUBILITA NAOH,SULFAMERAZINA,POSITIVO
SOLUBILITA NAOH,SULFATIAZOLO,POSITIVO
SOLUBILITA NAOH,TEOBROMINA,POSITIVO
SOLUBILITA NAOH,TIMOLO,POSITIVO
SOLUBILITA NAOH,TOLBUTAMIDE,POSITIVO
SOLUBILITA NAOH,TREONINA,POSITIVO
SOLUBILITA NAOH,VALINA,POSITIVO
SOLUBILITA NAOH,VANILLINA,POSITIVO
SPETTROSCOPIA,ACIDO NICOTINICO,INFO
SPETTROSCOPIA,BENZOCAINA,INFO
SPETTROSCOPIA,CHINIDINA SOLFATO,INFO
TALLEIOCHINA (ALC CHINOLINICI),CHINIDINA SOLFATO,POSITIVO
TALLEIOCHINA (ALC CHINOLINICI),CHININA HCl,POSITIVO
TALLEIOCHINA (ALC CHINOLINICI),CHININA SOLFATO,POSITIVO
UREA & FLUORESCENZA (CITRATI),ACIDO CITRICO,POSITIVO
UREA & FLUORESCENZA (CITRATI),ACIDO TARTARICO,POSITIVO
UREA & FLUORESCENZA (CITRATI),LITIO CITRATO,POSITIVO
UREA & FLUORESCENZA (CITRATI),SODIO CITRATO,POSITIVO
UREA & FLUORESCENZA (CITRATI),SODIO CITRATO,POSITIVO
VANILLINA (ISONIAZIDE),CALCIO PANTOTENATO,NEGATIVO
VANILLINA (ISONIAZIDE),NICOTINAMIDE,NEGATIVO
VITALI-MORIN,CHINIDINA SOLFATO,NEGATIVO
VITALI-MORIN,DIFENIDRAMINA HCl,NEGATIVO
VITALI-MORIN,METRONIDAZOLO,NEGATIVO
VITALI-MORIN,TEOFILLINA,NEGATIVO
VITALI-MORIN,IMIPRAMINA HCl,POSITIVO
VITALI-MORIN,LIDOCAINA HCl,POSITIVO
VITALI-MORIN,SCOPOLAMINA HBr,POSITIVO
ZINKE-KONIG (PIRIDINE),ACIDO NICOTINICO,POSITIVO
ZINKE-KONIG (PIRIDINE),FENAZONE,POSITIVO
ZINKE-KONIG (PIRIDINE),ISONIAZIDE,POSITIVO
ZINKE-KONIG (PIRIDINE),NICOTINAMIDE,POSITIVO
ZINKE-KONIG (PIRIDINE),NICOTINAMIDE,POSITIVO
ZINKE-KONIG (PIRIDINE),PIRIDOSSINA HCl,POSITIVO
VITALI-MORIN,PROPIFENAZONE,POSITIVO
CORALINA (ALC ISOCHINOLINICI),PROPIFENAZONE,POSITIVO
NINIDRINA (AMINOACIDI),TEOFILLINA,NEGATIVO
AMMINE TERZIARIE (DRAGENDORFF),IMIPRAMINA HCl,POSITIVO
AMMINE TERZIARIE (BOUCHARDAT),IMIPRAMINA HCl,POSITIVO
AMMINE TERZIARIE (MAYER),IMIPRAMINA HCl,POSITIVO
AgNO3 & NH4OH (FOSFATI),CLOROCHINA BIFOSFATO,POSITIVO
SOLUBILITA NAOH,FENILEFRINA HCl,POSITIVO
SOLUBILITA HCL,FENILEFRINA HCl,POSITIVO
AgNO3 (ALOGENURI),FENILEFRINA HCl,POSITIVO
IDROSSILAMMINA (ESTERI & AMMIDI),FENILEFRINA HCl,NEGATIVO
AMMINE TERZIARIE (ACIDO CITRICO E ANIDRIDE ACETICA),PROMETAZINA HCl,POSITIVO
SOLUBILITA ACQUA,CALCIO GLUCONATO,POSITIVO
PROVA AL COCCIO,CALCIO GLUCONATO,POSITIVO
SOLUBILITA NAOH,CALCIO GLUCONATO,POSITIVO
SOLUBILITA HCL,CALCIO GLUCONATO,POSITIVO
SOLUBILITA ETOH,CALCIO GLUCONATO,POSITIVO
FILO Ni-Cr,CALCIO GLUCONATO,POSITIVO
